bars_held,entry_at,entry_price,exit_at,exit_price,higher_timeframe_agreement,higher_timeframe_bias,market_structure,r_multiple,realized_pnl,regime,side,stance,status,stop_loss,symbol,target,timeframe
7,2019-01-03T13:25:00,10715.5,2019-01-03T14:00:00,10701.2,aligned,bearish,LH_LL,0.771,13.73,trend_aligned,sell,short_bias,trailed,10733.2999,NIFTY,10679.9002,5m
18,2019-01-04T09:25:00,10704.7,2019-01-04T10:55:00,10655.1,aligned,bearish,LH_LL,1.257,30.91,trend_aligned,sell,short_bias,trailed,10729.2999,NIFTY,10655.500200000002,5m
13,2019-01-04T11:20:00,10681.3999,2019-01-04T12:25:00,10699.0,aligned,bearish,LH_LL,-0.4,-7.04,trend_aligned,sell,short_bias,stopped,10699.0,NIFTY,10646.199700000001,5m
20,2019-01-04T12:55:00,10716.6,2019-01-04T14:35:00,10699.2,aligned,bearish,LH_LL,0.735,17.94,trend_aligned,sell,short_bias,trailed,10741.0,NIFTY,10667.800000000001,5m
13,2019-01-11T13:10:00,10770.2999,2019-01-11T14:15:00,10760.8999,aligned,bearish,LH_LL,0.645,12.45,trend_aligned,sell,short_bias,trailed,10789.6,NIFTY,10731.6997,5m
9,2019-01-11T15:15:00,10792.7,2019-01-14T09:45:00,10747.0,aligned,bearish,LH_LL,1.477,26.29,trend_aligned,sell,short_bias,trailed,10810.5,NIFTY,10757.100000000002,5m
17,2019-01-14T10:55:00,10727.8999,2019-01-14T12:20:00,10704.2,aligned,bearish,LH_LL,0.802,21.58,trend_aligned,sell,short_bias,trailed,10754.7999,NIFTY,10674.099900000001,5m
10,2019-01-14T12:50:00,10707.8999,2019-01-14T13:40:00,10721.5,aligned,bearish,LH_LL,-0.4,-5.44,trend_aligned,sell,short_bias,stopped,10721.5,NIFTY,10680.699700000001,5m
1,2019-01-14T14:05:00,10721.0,2019-01-14T14:10:00,10728.7999,aligned,bearish,LH_LL,-0.4,-3.12,trend_aligned,sell,short_bias,stopped,10728.7999,NIFTY,10705.4002,5m
5,2019-01-14T14:35:00,10728.5,2019-01-14T15:00:00,10735.7999,aligned,bearish,LH_LL,-0.4,-2.92,trend_aligned,sell,short_bias,stopped,10735.7999,NIFTY,10713.9002,5m
30,2019-01-15T12:15:00,10844.7,2019-01-15T14:45:00,10853.8999,aligned,bullish,HH_HL,0.625,13.13,trend_aligned,buy,long_bias,trailed,10823.7,NIFTY,10886.7,5m
31,2019-01-16T10:25:00,10901.7999,2019-01-16T13:00:00,10915.7,aligned,bullish,HH_HL,0.66,17.49,trend_aligned,buy,long_bias,trailed,10875.2999,NIFTY,10954.7999,5m
2,2019-01-16T13:25:00,10912.5,2019-01-16T13:35:00,10902.0,aligned,bullish,HH_HL,-0.4,-4.2,trend_aligned,buy,long_bias,stopped,10902.0,NIFTY,10933.5,5m
8,2019-01-16T14:10:00,10889.8999,2019-01-16T14:50:00,10892.3999,aligned,bullish,HH_HL,0.527,6.9,trend_aligned,buy,long_bias,trailed,10876.7999,NIFTY,10916.099900000001,5m
7,2019-01-16T15:15:00,10886.2,2019-01-17T09:35:00,10907.7999,aligned,bullish,HH_HL,1.369,12.87,trend_aligned,buy,long_bias,trailed,10876.7999,NIFTY,10905.000200000002,5m
29,2019-01-17T10:35:00,10909.2999,2019-01-17T13:00:00,10882.7999,aligned,bullish,HH_HL,-0.4,-10.6,trend_aligned,buy,long_bias,stopped,10882.7999,NIFTY,10962.2999,5m
90,2019-01-17T15:15:00,10896.7999,2019-01-21T10:15:00,10966.3999,aligned,bullish,HH_HL,0.983,51.33,trend_aligned,buy,long_bias,trailed,10844.6,NIFTY,11001.1997,5m
51,2019-01-21T11:15:00,10965.0,2019-01-22T09:15:00,10937.7,aligned,bullish,HH_HL,-0.4,-10.92,trend_aligned,buy,long_bias,stopped,10937.7,NIFTY,11019.599999999999,5m
33,2019-01-23T09:35:00,10918.2999,2019-01-23T12:20:00,10932.8999,aligned,bullish,HH_HL,0.666,17.99,trend_aligned,buy,long_bias,trailed,10891.2999,NIFTY,10972.2999,5m
11,2019-01-23T12:45:00,10929.2,2019-01-23T13:40:00,10908.5,aligned,bullish,HH_HL,-0.4,-8.28,trend_aligned,buy,long_bias,stopped,10908.5,NIFTY,10970.600000000002,5m
68,2019-01-24T09:50:00,10834.2,2019-01-25T09:15:00,10890.7999,aligned,bearish,LH_LL,-0.4,-22.64,trend_aligned,sell,short_bias,stopped,10890.7999,NIFTY,10721.000200000002,5m
4,2019-01-25T10:55:00,10914.7,2019-01-25T11:15:00,10904.7999,aligned,bullish,HH_HL,-0.4,-3.96,trend_aligned,buy,long_bias,stopped,10904.7999,NIFTY,10934.500200000002,5m
11,2019-01-25T12:35:00,10902.0,2019-01-25T13:30:00,10886.8999,aligned,bullish,HH_HL,-0.4,-6.04,trend_aligned,buy,long_bias,stopped,10886.8999,NIFTY,10932.2002,5m
29,2019-01-28T11:55:00,10693.2999,2019-01-28T14:20:00,10651.7,aligned,bearish,LH_LL,0.968,31.08,trend_aligned,sell,short_bias,trailed,10725.3999,NIFTY,10629.0999,5m
7,2019-01-28T14:45:00,10673.1,2019-01-28T15:20:00,10668.7999,aligned,bearish,LH_LL,0.585,7.43,trend_aligned,sell,short_bias,trailed,10685.7999,NIFTY,10647.700200000001,5m
24,2019-01-29T09:30:00,10655.7,2019-01-29T11:30:00,10644.2,aligned,bearish,LH_LL,0.603,18.14,trend_aligned,sell,short_bias,trailed,10685.7999,NIFTY,10595.500200000002,5m
2,2019-01-29T11:55:00,10649.5,2019-01-29T12:05:00,10649.5,aligned,bearish,LH_LL,0.449,4.27,trend_aligned,sell,short_bias,trailed,10659.0,NIFTY,10630.5,5m
13,2019-01-29T12:30:00,10647.5,2019-01-29T13:35:00,10605.6,aligned,bearish,LH_LL,1.292,25.71,trend_aligned,sell,short_bias,trailed,10667.3999,NIFTY,10607.7002,5m
10,2019-01-29T14:15:00,10607.3999,2019-01-29T15:05:00,10642.2,aligned,bearish,LH_LL,-0.4,-13.92,trend_aligned,sell,short_bias,stopped,10642.2,NIFTY,10537.7997,5m
16,2019-01-30T09:35:00,10680.6,2019-01-30T10:55:00,10648.1,aligned,bearish,LH_LL,0.889,26.32,trend_aligned,sell,short_bias,trailed,10710.2,NIFTY,10621.4,5m
37,2019-01-30T11:25:00,10648.8999,2019-01-30T14:30:00,10689.3999,aligned,bearish,LH_LL,-0.4,-16.2,trend_aligned,sell,short_bias,stopped,10689.3999,NIFTY,10567.8999,5m
5,2019-01-30T15:05:00,10652.3999,2019-01-31T09:15:00,10691.0,aligned,bearish,LH_LL,-0.4,-15.44,trend_aligned,sell,short_bias,stopped,10691.0,NIFTY,10575.199700000001,5m
8,2019-02-01T12:45:00,10898.3999,2019-02-01T13:25:00,10952.1,aligned,bullish,HH_HL,0.882,43.84,trend_aligned,buy,long_bias,trailed,10848.7,NIFTY,10997.7997,5m
19,2019-02-05T11:05:00,10907.7,2019-02-05T12:40:00,10938.2999,aligned,bullish,HH_HL,1.033,21.69,trend_aligned,buy,long_bias,trailed,10886.7,NIFTY,10949.7,5m
9,2019-02-05T13:05:00,10934.2999,2019-02-05T13:50:00,10951.1,aligned,bullish,HH_HL,0.721,17.88,trend_aligned,buy,long_bias,trailed,10909.5,NIFTY,10983.8997,5m
26,2019-02-05T14:15:00,10937.5,2019-02-06T10:10:00,10997.6,aligned,bullish,HH_HL,1.558,33.81,trend_aligned,buy,long_bias,trailed,10915.7999,NIFTY,10980.9002,5m
25,2019-02-06T10:40:00,10983.8999,2019-02-06T12:45:00,11026.6,aligned,bullish,HH_HL,0.755,42.23,trend_aligned,buy,long_bias,trailed,10928.0,NIFTY,11095.699700000001,5m
8,2019-02-06T13:35:00,11031.5,2019-02-06T14:15:00,11050.0,aligned,bullish,HH_HL,0.804,16.8,trend_aligned,buy,long_bias,trailed,11010.6,NIFTY,11073.3,5m
4,2019-02-06T14:45:00,11047.2999,2019-02-06T15:05:00,11056.7999,aligned,bullish,HH_HL,0.653,12.21,trend_aligned,buy,long_bias,trailed,11028.6,NIFTY,11084.6997,5m
11,2019-02-07T10:55:00,11091.3999,2019-02-07T11:50:00,11094.2,aligned,bullish,HH_HL,0.541,6.65,trend_aligned,buy,long_bias,trailed,11079.1,NIFTY,11115.9997,5m
5,2019-02-07T12:15:00,11092.6,2019-02-07T12:40:00,11060.2,aligned,bullish,HH_HL,-0.4,-12.96,trend_aligned,buy,long_bias,stopped,11060.2,NIFTY,11157.4,5m
13,2019-02-07T13:05:00,11073.1,2019-02-07T14:10:00,11098.5,aligned,bullish,HH_HL,0.793,23.48,trend_aligned,buy,long_bias,trailed,11043.5,NIFTY,11132.300000000001,5m
6,2019-02-07T14:45:00,11097.0,2019-02-07T15:15:00,11070.5,aligned,bullish,HH_HL,-0.4,-10.6,trend_aligned,buy,long_bias,stopped,11070.5,NIFTY,11150.0,5m
5,2019-02-14T11:45:00,10749.0,2019-02-14T12:10:00,10749.0,aligned,bearish,LH_LL,0.449,2.38,trend_aligned,sell,short_bias,trailed,10754.2999,NIFTY,10738.4002,5m
8,2019-02-14T13:10:00,10739.3999,2019-02-14T13:50:00,10734.2,aligned,bearish,LH_LL,0.559,10.68,trend_aligned,sell,short_bias,trailed,10758.5,NIFTY,10701.199700000001,5m
12,2019-02-14T14:15:00,10761.8999,2019-02-14T15:15:00,10745.2999,aligned,bearish,LH_LL,0.763,16.18,trend_aligned,sell,short_bias,trailed,10783.1,NIFTY,10719.4997,5m
6,2019-02-15T11:40:00,10665.0,2019-02-15T12:10:00,10643.0,aligned,bearish,LH_LL,0.67,26.85,trend_aligned,sell,short_bias,trailed,10705.1,NIFTY,10584.8,5m
11,2019-02-15T12:45:00,10646.7,2019-02-15T13:40:00,10669.5,aligned,bearish,LH_LL,-0.4,-9.12,trend_aligned,sell,short_bias,stopped,10669.5,NIFTY,10601.100000000002,5m
7,2019-02-15T14:40:00,10698.7999,2019-02-15T15:15:00,10733.7999,aligned,bearish,LH_LL,-0.4,-14.0,trend_aligned,sell,short_bias,stopped,10733.7999,NIFTY,10628.7999,5m
12,2019-02-18T11:45:00,10659.5,2019-02-18T12:45:00,10681.7999,aligned,bearish,LH_LL,-0.4,-8.92,trend_aligned,sell,short_bias,stopped,10681.7999,NIFTY,10614.9002,5m
12,2019-02-18T13:10:00,10665.3999,2019-02-18T14:10:00,10662.1,aligned,bearish,LH_LL,0.523,9.47,trend_aligned,sell,short_bias,trailed,10683.5,NIFTY,10629.199700000001,5m
3,2019-02-19T09:15:00,10665.7,2019-02-19T09:30:00,10664.2,aligned,bearish,LH_LL,0.503,5.78,trend_aligned,sell,short_bias,trailed,10677.2,NIFTY,10642.7,5m
8,2019-02-19T10:10:00,10678.8999,2019-02-19T10:50:00,10677.2,aligned,bearish,LH_LL,0.493,7.79,trend_aligned,sell,short_bias,trailed,10694.7,NIFTY,10647.2997,5m
15,2019-02-19T11:15:00,10679.0,2019-02-19T12:30:00,10678.3999,aligned,bearish,LH_LL,0.466,7.31,trend_aligned,sell,short_bias,trailed,10694.7,NIFTY,10647.599999999999,5m
11,2019-02-20T11:35:00,10673.5,2019-02-20T12:30:00,10663.7999,aligned,bearish,LH_LL,0.718,10.41,trend_aligned,sell,short_bias,trailed,10688.0,NIFTY,10644.5,5m
10,2019-02-20T13:00:00,10664.5,2019-02-20T13:50:00,10682.7999,aligned,bearish,LH_LL,-0.4,-7.32,trend_aligned,sell,short_bias,stopped,10682.7999,NIFTY,10627.9002,5m
1,2019-02-26T14:50:00,10846.2999,2019-02-26T14:55:00,10827.6,aligned,bullish,HH_HL,-0.4,-7.48,trend_aligned,buy,long_bias,stopped,10827.6,NIFTY,10883.6997,5m
30,2019-02-28T10:30:00,10834.2,2019-02-28T13:00:00,10792.7,aligned,bullish,HH_HL,-0.4,-16.6,trend_aligned,buy,long_bias,stopped,10792.7,NIFTY,10917.2,5m
14,2019-03-01T11:20:00,10849.0,2019-03-01T12:30:00,10837.0,aligned,bullish,HH_HL,-0.4,-4.8,trend_aligned,buy,long_bias,stopped,10837.0,NIFTY,10873.0,5m
7,2019-03-01T13:05:00,10836.2999,2019-03-01T13:40:00,10824.2,aligned,bullish,HH_HL,-0.4,-4.84,trend_aligned,buy,long_bias,stopped,10824.2,NIFTY,10860.499699999998,5m
22,2019-03-05T09:25:00,10848.6,2019-03-05T11:15:00,10886.8999,aligned,bullish,HH_HL,0.935,29.54,trend_aligned,buy,long_bias,trailed,10817.0,NIFTY,10911.800000000001,5m
27,2019-03-06T10:15:00,11014.2999,2019-03-06T12:30:00,11042.7999,aligned,bullish,HH_HL,0.7,31.92,trend_aligned,buy,long_bias,trailed,10968.7,NIFTY,11105.499699999998,5m
4,2019-03-06T13:05:00,11037.6,2019-03-06T13:25:00,11023.8999,aligned,bullish,HH_HL,-0.4,-5.48,trend_aligned,buy,long_bias,stopped,11023.8999,NIFTY,11065.0002,5m
9,2019-03-06T13:55:00,11025.7999,2019-03-06T14:40:00,11033.2999,aligned,bullish,HH_HL,0.671,9.12,trend_aligned,buy,long_bias,trailed,11012.2,NIFTY,11052.999699999998,5m
66,2019-03-07T09:20:00,11055.0,2019-03-07T14:50:00,11078.6,aligned,bullish,HH_HL,0.728,24.69,trend_aligned,buy,long_bias,trailed,11021.1,NIFTY,11122.8,5m
2,2019-03-07T15:20:00,11060.2,2019-03-08T09:15:00,11048.6,aligned,bullish,HH_HL,-0.4,-4.64,trend_aligned,buy,long_bias,stopped,11048.6,NIFTY,11083.400000000001,5m
19,2019-03-08T10:05:00,11027.7,2019-03-08T11:40:00,11036.1,aligned,bullish,HH_HL,0.636,11.51,trend_aligned,buy,long_bias,trailed,11009.6,NIFTY,11063.900000000001,5m
6,2019-03-08T12:05:00,11035.0,2019-03-08T12:35:00,11019.2,aligned,bullish,HH_HL,-0.4,-6.32,trend_aligned,buy,long_bias,stopped,11019.2,NIFTY,11066.599999999999,5m
15,2019-03-11T12:30:00,11143.3999,2019-03-11T13:45:00,11157.2,aligned,bullish,HH_HL,1.019,9.88,trend_aligned,buy,long_bias,trailed,11133.7,NIFTY,11162.7997,5m
3,2019-03-11T14:15:00,11153.3999,2019-03-11T14:30:00,11158.2999,aligned,bullish,HH_HL,0.583,8.57,trend_aligned,buy,long_bias,trailed,11138.7,NIFTY,11182.7997,5m
5,2019-03-12T11:45:00,11287.1,2019-03-12T12:10:00,11269.5,aligned,bullish,HH_HL,-0.4,-7.04,trend_aligned,buy,long_bias,stopped,11269.5,NIFTY,11322.300000000001,5m
4,2019-03-12T12:40:00,11274.0,2019-03-12T13:00:00,11277.0,aligned,bullish,HH_HL,0.568,5.79,trend_aligned,buy,long_bias,trailed,11263.7999,NIFTY,11294.4002,5m
20,2019-03-12T13:35:00,11279.3999,2019-03-12T15:15:00,11301.3999,aligned,bullish,HH_HL,1.014,15.82,trend_aligned,buy,long_bias,trailed,11263.7999,NIFTY,11310.599900000001,5m
8,2019-03-13T09:25:00,11299.8999,2019-03-13T10:05:00,11313.7,aligned,bullish,HH_HL,0.641,18.52,trend_aligned,buy,long_bias,trailed,11271.0,NIFTY,11357.699700000001,5m
5,2019-03-13T10:30:00,11293.5,2019-03-13T10:55:00,11301.6,aligned,bullish,HH_HL,0.641,10.84,trend_aligned,buy,long_bias,trailed,11276.6,NIFTY,11327.3,5m
34,2019-03-13T11:20:00,11311.7999,2019-03-13T14:10:00,11331.5,aligned,bullish,HH_HL,0.774,18.81,trend_aligned,buy,long_bias,trailed,11287.5,NIFTY,11360.3997,5m
19,2019-03-13T14:40:00,11325.7,2019-03-14T10:00:00,11364.7,aligned,bullish,HH_HL,1.146,25.68,trend_aligned,buy,long_bias,trailed,11303.2999,NIFTY,11370.500200000002,5m
19,2019-03-14T10:30:00,11346.5,2019-03-14T12:05:00,11329.2,aligned,bullish,HH_HL,-0.4,-6.92,trend_aligned,buy,long_bias,stopped,11329.2,NIFTY,11381.099999999999,5m
3,2019-03-14T12:30:00,11334.5,2019-03-14T12:45:00,11334.5,aligned,bullish,HH_HL,0.451,3.2,trend_aligned,buy,long_bias,trailed,11327.3999,NIFTY,11348.7002,5m
8,2019-03-14T13:10:00,11326.6,2019-03-14T13:50:00,11330.8999,aligned,bullish,HH_HL,0.583,7.52,trend_aligned,buy,long_bias,trailed,11313.7,NIFTY,11352.4,5m
23,2019-03-14T14:35:00,11340.8999,2019-03-15T10:15:00,11412.2,aligned,bullish,HH_HL,1.499,40.76,trend_aligned,buy,long_bias,trailed,11313.7,NIFTY,11395.2997,5m
7,2019-03-15T11:05:00,11418.0,2019-03-15T11:40:00,11404.5,aligned,bullish,HH_HL,-0.4,-5.4,trend_aligned,buy,long_bias,stopped,11404.5,NIFTY,11445.0,5m
10,2019-03-15T15:20:00,11430.7,2019-03-18T09:55:00,11513.6,aligned,bullish,HH_HL,1.978,42.93,trend_aligned,buy,long_bias,trailed,11409.0,NIFTY,11474.100000000002,5m
136,2019-03-18T10:25:00,11481.7,2019-03-20T09:15:00,11531.2,aligned,bullish,HH_HL,0.722,52.52,trend_aligned,buy,long_bias,trailed,11409.0,NIFTY,11627.100000000002,5m
7,2019-03-20T10:05:00,11524.0,2019-03-20T10:40:00,11544.2,aligned,bullish,HH_HL,0.676,24.19,trend_aligned,buy,long_bias,trailed,11488.2,NIFTY,11595.599999999999,5m
9,2019-03-20T11:20:00,11538.3999,2019-03-20T12:05:00,11522.5,aligned,bullish,HH_HL,-0.4,-6.36,trend_aligned,buy,long_bias,stopped,11522.5,NIFTY,11570.199700000001,5m
24,2019-03-20T12:35:00,11519.3999,2019-03-20T14:35:00,11530.0,aligned,bullish,HH_HL,0.71,11.57,trend_aligned,buy,long_bias,trailed,11503.1,NIFTY,11551.9997,5m
7,2019-03-20T15:00:00,11528.3999,2019-03-22T09:25:00,11544.0,aligned,bullish,HH_HL,0.77,15.02,trend_aligned,buy,long_bias,trailed,11508.8999,NIFTY,11567.3999,5m
2,2019-03-22T10:25:00,11543.0,2019-03-22T10:35:00,11512.2999,aligned,bullish,HH_HL,-0.4,-12.28,trend_aligned,buy,long_bias,stopped,11512.2999,NIFTY,11604.4002,5m
7,2019-03-22T11:35:00,11507.7999,2019-03-22T12:10:00,11481.8999,aligned,bullish,HH_HL,-0.4,-10.36,trend_aligned,buy,long_bias,stopped,11481.8999,NIFTY,11559.5999,5m
1,2019-03-27T11:25:00,11526.2999,2019-03-27T11:30:00,11512.3999,aligned,bullish,HH_HL,-0.4,-5.56,trend_aligned,buy,long_bias,stopped,11512.3999,NIFTY,11554.0999,5m
4,2019-03-27T11:55:00,11507.7999,2019-03-27T12:15:00,11507.7999,aligned,bullish,HH_HL,0.45,4.9,trend_aligned,buy,long_bias,trailed,11496.8999,NIFTY,11529.5999,5m
6,2019-03-27T13:05:00,11521.7,2019-03-27T13:35:00,11496.8999,aligned,bullish,HH_HL,-0.4,-9.92,trend_aligned,buy,long_bias,stopped,11496.8999,NIFTY,11571.300200000001,5m
12,2019-03-27T14:00:00,11446.2999,2019-03-27T15:00:00,11454.2999,aligned,bullish,HH_HL,0.546,18.18,trend_aligned,buy,long_bias,trailed,11413.0,NIFTY,11512.8997,5m
18,2019-03-28T10:55:00,11498.7999,2019-03-28T12:25:00,11514.7,aligned,bullish,HH_HL,0.664,19.72,trend_aligned,buy,long_bias,trailed,11469.1,NIFTY,11558.1997,5m
9,2019-03-28T12:50:00,11512.2999,2019-03-28T13:35:00,11512.2999,aligned,bullish,HH_HL,0.45,8.86,trend_aligned,buy,long_bias,trailed,11492.6,NIFTY,11551.6997,5m
5,2019-03-28T14:35:00,11532.2,2019-03-28T15:00:00,11549.3999,aligned,bullish,HH_HL,0.673,20.79,trend_aligned,buy,long_bias,trailed,11501.2999,NIFTY,11594.000200000002,5m
61,2019-03-29T09:35:00,11581.7,2019-03-29T14:40:00,11610.1,aligned,bullish,HH_HL,0.666,35.03,trend_aligned,buy,long_bias,trailed,11529.1,NIFTY,11686.900000000001,5m
17,2019-03-29T15:25:00,11610.6,2019-04-01T10:35:00,11701.2999,aligned,bullish,HH_HL,1.714,49.2,trend_aligned,buy,long_bias,trailed,11581.8999,NIFTY,11668.0002,5m
4,2019-04-01T11:00:00,11689.2,2019-04-01T11:20:00,11679.8999,aligned,bullish,HH_HL,-0.4,-3.72,trend_aligned,buy,long_bias,stopped,11679.8999,NIFTY,11707.800200000001,5m
33,2019-04-01T11:55:00,11701.2999,2019-04-01T14:40:00,11718.3999,aligned,bullish,HH_HL,0.754,16.97,trend_aligned,buy,long_bias,trailed,11678.7999,NIFTY,11746.2999,5m
43,2019-04-02T09:15:00,11681.2,2019-04-02T12:50:00,11701.5,aligned,bullish,HH_HL,0.672,24.54,trend_aligned,buy,long_bias,trailed,11644.7,NIFTY,11754.2,5m
11,2019-04-02T13:15:00,11700.8999,2019-04-02T14:10:00,11680.1,aligned,bullish,HH_HL,-0.4,-8.32,trend_aligned,buy,long_bias,stopped,11680.1,NIFTY,11742.4997,5m
16,2019-04-02T14:35:00,11685.6,2019-04-03T09:40:00,11742.2999,aligned,bullish,HH_HL,1.454,32.85,trend_aligned,buy,long_bias,trailed,11663.0,NIFTY,11730.800000000001,5m
43,2019-04-03T10:30:00,11739.1,2019-04-03T14:05:00,11704.8999,aligned,bullish,HH_HL,-0.4,-13.68,trend_aligned,buy,long_bias,stopped,11704.8999,NIFTY,11807.5002,5m
6,2019-04-10T10:05:00,11659.3999,2019-04-10T10:35:00,11670.7999,aligned,bullish,HH_HL,0.639,15.41,trend_aligned,buy,long_bias,trailed,11635.2999,NIFTY,11707.599900000001,5m
2,2019-04-10T11:10:00,11650.3999,2019-04-10T11:20:00,11650.3999,aligned,bullish,HH_HL,0.451,4.1,trend_aligned,buy,long_bias,trailed,11641.2999,NIFTY,11668.599900000001,5m
13,2019-04-10T11:45:00,11654.8999,2019-04-10T12:50:00,11658.2999,aligned,bullish,HH_HL,0.541,8.06,trend_aligned,buy,long_bias,trailed,11640.0,NIFTY,11684.699700000001,5m
26,2019-04-15T15:10:00,11690.2,2019-04-16T11:05:00,11780.6,aligned,bullish,HH_HL,3.679,41.2,trend_aligned,buy,long_bias,trailed,11679.0,NIFTY,11712.600000000002,5m
23,2019-04-16T11:35:00,11777.1,2019-04-16T13:30:00,11784.1,aligned,bullish,HH_HL,0.665,8.65,trend_aligned,buy,long_bias,trailed,11764.1,NIFTY,11803.1,5m
5,2019-04-16T14:20:00,11794.8999,2019-04-16T14:45:00,11796.7999,aligned,bullish,HH_HL,0.492,8.81,trend_aligned,buy,long_bias,trailed,11777.0,NIFTY,11830.699700000001,5m
6,2019-04-16T15:20:00,11795.3999,2019-04-18T09:35:00,11810.7,aligned,bullish,HH_HL,0.771,14.72,trend_aligned,buy,long_bias,trailed,11776.2999,NIFTY,11833.599900000001,5m
46,2019-04-18T10:40:00,11764.7999,2019-04-18T14:30:00,11775.0,aligned,bullish,HH_HL,0.605,15.91,trend_aligned,buy,long_bias,trailed,11738.5,NIFTY,11817.3997,5m
2,2019-04-18T14:55:00,11775.7,2019-04-18T15:05:00,11752.8999,aligned,bullish,HH_HL,-0.4,-9.12,trend_aligned,buy,long_bias,stopped,11752.8999,NIFTY,11821.300200000001,5m
2,2019-04-25T12:15:00,11769.1,2019-04-25T12:25:00,11769.1,aligned,bullish,HH_HL,0.45,4.05,trend_aligned,buy,long_bias,trailed,11760.1,NIFTY,11787.1,5m
4,2019-04-25T12:50:00,11760.2999,2019-04-25T13:10:00,11765.7999,aligned,bullish,HH_HL,0.593,9.13,trend_aligned,buy,long_bias,trailed,11744.8999,NIFTY,11791.0999,5m
5,2019-04-25T13:35:00,11734.5,2019-04-25T14:00:00,11716.2,aligned,bullish,HH_HL,-0.4,-7.32,trend_aligned,buy,long_bias,stopped,11716.2,NIFTY,11771.099999999999,5m
5,2019-04-25T14:25:00,11729.7999,2019-04-25T14:50:00,11711.2999,aligned,bullish,HH_HL,-0.4,-7.4,trend_aligned,buy,long_bias,stopped,11711.2999,NIFTY,11766.7999,5m
55,2019-04-26T09:55:00,11686.5,2019-04-26T14:30:00,11729.8999,aligned,bullish,HH_HL,0.729,45.35,trend_aligned,buy,long_bias,trailed,11624.2999,NIFTY,11810.9002,5m
1,2019-04-30T09:20:00,11737.2,2019-04-30T09:25:00,11717.7,aligned,bullish,HH_HL,-0.4,-7.8,trend_aligned,buy,long_bias,stopped,11717.7,NIFTY,11776.2,5m
24,2019-04-30T10:55:00,11690.7999,2019-04-30T12:55:00,11696.7,aligned,bullish,HH_HL,0.518,18.07,trend_aligned,buy,long_bias,trailed,11655.8999,NIFTY,11760.5999,5m
19,2019-05-02T11:20:00,11766.5,2019-05-02T12:55:00,11731.7,aligned,bullish,HH_HL,-0.4,-13.92,trend_aligned,buy,long_bias,stopped,11731.7,NIFTY,11836.099999999999,5m
12,2019-05-02T13:20:00,11742.1,2019-05-02T14:20:00,11758.0,aligned,bullish,HH_HL,0.672,19.23,trend_aligned,buy,long_bias,trailed,11713.5,NIFTY,11799.300000000001,5m
2,2019-05-02T14:45:00,11745.8999,2019-05-02T14:55:00,11719.2,aligned,bullish,HH_HL,-0.4,-10.68,trend_aligned,buy,long_bias,stopped,11719.2,NIFTY,11799.2997,5m
13,2019-05-03T09:25:00,11741.1,2019-05-03T10:30:00,11758.2,aligned,bullish,HH_HL,0.656,21.83,trend_aligned,buy,long_bias,trailed,11707.7999,NIFTY,11807.700200000001,5m
7,2019-05-03T11:20:00,11751.2999,2019-05-03T11:55:00,11737.0,aligned,bullish,HH_HL,-0.4,-5.72,trend_aligned,buy,long_bias,stopped,11737.0,NIFTY,11779.8997,5m
4,2019-05-03T12:20:00,11747.0,2019-05-03T12:40:00,11750.0,aligned,bullish,HH_HL,0.553,6.47,trend_aligned,buy,long_bias,trailed,11735.2999,NIFTY,11770.4002,5m
1,2019-05-03T13:20:00,11741.5,2019-05-03T13:25:00,11735.2999,aligned,bullish,HH_HL,-0.4,-2.48,trend_aligned,buy,long_bias,stopped,11735.2999,NIFTY,11753.9002,5m
3,2019-05-03T14:10:00,11743.0,2019-05-03T14:25:00,11745.8999,aligned,bullish,HH_HL,0.547,6.56,trend_aligned,buy,long_bias,trailed,11731.0,NIFTY,11767.0,5m
1,2019-05-03T14:55:00,11737.5,2019-05-03T15:00:00,11725.7,aligned,bullish,HH_HL,-0.4,-4.72,trend_aligned,buy,long_bias,stopped,11725.7,NIFTY,11761.099999999999,5m
16,2019-05-09T11:15:00,11340.6,2019-05-09T12:35:00,11312.8999,aligned,bearish,LH_LL,1.102,18.73,trend_aligned,sell,short_bias,trailed,11357.6,NIFTY,11306.6,5m
8,2019-05-09T13:30:00,11295.2,2019-05-09T14:10:00,11280.7,aligned,bearish,LH_LL,0.651,18.76,trend_aligned,sell,short_bias,trailed,11324.0,NIFTY,11237.600000000002,5m
18,2019-05-09T14:45:00,11305.2,2019-05-10T10:00:00,11287.7999,aligned,bearish,LH_LL,0.61,26.54,trend_aligned,sell,short_bias,trailed,11348.7,NIFTY,11218.2,5m
29,2019-05-10T11:30:00,11318.2999,2019-05-10T13:55:00,11304.2,aligned,bearish,LH_LL,0.687,16.35,trend_aligned,sell,short_bias,trailed,11342.1,NIFTY,11270.6997,5m
5,2019-05-10T14:20:00,11313.7,2019-05-10T14:45:00,11340.7999,aligned,bearish,LH_LL,-0.4,-10.84,trend_aligned,sell,short_bias,stopped,11340.7999,NIFTY,11259.500200000002,5m
47,2019-05-13T10:00:00,11275.2,2019-05-13T13:55:00,11238.2,aligned,bearish,LH_LL,0.66,46.57,trend_aligned,sell,short_bias,trailed,11345.7999,NIFTY,11134.000200000002,5m
2,2019-05-13T14:20:00,11262.2999,2019-05-13T14:30:00,11262.2999,aligned,bearish,LH_LL,0.45,6.52,trend_aligned,sell,short_bias,trailed,11276.7999,NIFTY,11233.2999,5m
31,2019-05-14T10:30:00,11128.7,2019-05-14T13:05:00,11157.8999,aligned,bearish,LH_LL,-0.4,-11.68,trend_aligned,sell,short_bias,stopped,11157.8999,NIFTY,11070.300200000001,5m
82,2019-05-14T14:55:00,11222.2,2019-05-16T09:15:00,11155.7999,aligned,bearish,LH_LL,0.816,59.19,trend_aligned,sell,short_bias,trailed,11294.7,NIFTY,11077.2,5m
20,2019-05-16T10:35:00,11160.1,2019-05-16T12:15:00,11185.2,aligned,bearish,LH_LL,-0.4,-10.04,trend_aligned,sell,short_bias,stopped,11185.2,NIFTY,11109.9,5m
13,2019-05-16T12:45:00,11175.2,2019-05-16T13:50:00,11192.1,aligned,bearish,LH_LL,-0.4,-6.76,trend_aligned,sell,short_bias,stopped,11192.1,NIFTY,11141.400000000001,5m
3,2019-05-21T13:40:00,11751.2999,2019-05-21T13:55:00,11751.2999,aligned,bullish,HH_HL,0.45,11.61,trend_aligned,buy,long_bias,trailed,11725.5,NIFTY,11802.8997,5m
1,2019-05-21T14:25:00,11739.6,2019-05-21T14:30:00,11721.7,aligned,bullish,HH_HL,-0.4,-7.16,trend_aligned,buy,long_bias,stopped,11721.7,NIFTY,11775.4,5m
5,2019-05-21T15:05:00,11706.1,2019-05-22T09:15:00,11682.7999,aligned,bullish,HH_HL,-0.4,-9.32,trend_aligned,buy,long_bias,stopped,11682.7999,NIFTY,11752.700200000001,5m
11,2019-05-22T09:40:00,11722.3999,2019-05-22T10:35:00,11746.1,aligned,bullish,HH_HL,0.687,27.48,trend_aligned,buy,long_bias,trailed,11682.3999,NIFTY,11802.3999,5m
19,2019-05-22T11:00:00,11736.0,2019-05-22T12:35:00,11700.5,aligned,bullish,HH_HL,-0.4,-14.2,trend_aligned,buy,long_bias,stopped,11700.5,NIFTY,11807.0,5m
15,2019-05-22T13:00:00,11716.7999,2019-05-22T14:15:00,11757.7,aligned,bullish,HH_HL,1.207,26.08,trend_aligned,buy,long_bias,trailed,11695.2,NIFTY,11759.999699999998,5m
7,2019-05-22T15:20:00,11743.2,2019-05-23T09:40:00,11902.8999,aligned,bullish,HH_HL,2.244,79.9,trend_aligned,buy,long_bias,trailed,11707.6,NIFTY,11814.400000000001,5m
5,2019-05-23T10:55:00,11957.0,2019-05-23T11:20:00,11881.7,aligned,bullish,HH_HL,-0.4,-30.12,trend_aligned,buy,long_bias,stopped,11881.7,NIFTY,12107.599999999999,5m
13,2019-05-23T12:45:00,11828.7999,2019-05-23T13:50:00,11779.0,aligned,bullish,HH_HL,-0.4,-19.92,trend_aligned,buy,long_bias,stopped,11779.0,NIFTY,11928.3997,5m
15,2019-05-24T13:25:00,11778.7999,2019-05-24T14:40:00,11810.5,aligned,bullish,HH_HL,0.723,33.56,trend_aligned,buy,long_bias,trailed,11732.3999,NIFTY,11871.5999,5m
7,2019-05-27T12:55:00,11915.8999,2019-05-27T13:30:00,11929.7,aligned,bullish,HH_HL,0.703,15.33,trend_aligned,buy,long_bias,trailed,11894.1,NIFTY,11959.4997,5m
5,2019-05-27T15:25:00,11919.7999,2019-05-28T09:35:00,11919.7999,aligned,bullish,HH_HL,0.45,4.77,trend_aligned,buy,long_bias,trailed,11909.2,NIFTY,11940.999699999998,5m
3,2019-05-28T10:00:00,11919.8999,2019-05-28T10:15:00,11900.0,aligned,bullish,HH_HL,-0.4,-7.96,trend_aligned,buy,long_bias,stopped,11900.0,NIFTY,11959.699700000001,5m
24,2019-05-28T10:40:00,11921.3999,2019-05-28T12:40:00,11891.5,aligned,bullish,HH_HL,-0.4,-11.96,trend_aligned,buy,long_bias,stopped,11891.5,NIFTY,11981.199700000001,5m
16,2019-05-28T13:05:00,11910.6,2019-05-28T14:25:00,11879.7999,aligned,bullish,HH_HL,-0.4,-12.32,trend_aligned,buy,long_bias,stopped,11879.7999,NIFTY,11972.200200000001,5m
8,2019-05-28T14:50:00,11880.6,2019-05-29T09:15:00,11914.8999,aligned,bullish,HH_HL,1.324,20.79,trend_aligned,buy,long_bias,trailed,11864.8999,NIFTY,11912.0002,5m
60,2019-05-29T09:40:00,11911.8999,2019-05-29T14:40:00,11864.8999,aligned,bullish,HH_HL,-0.4,-18.8,trend_aligned,buy,long_bias,stopped,11864.8999,NIFTY,12005.8999,5m
9,2019-05-30T13:55:00,11951.5,2019-05-30T14:40:00,11954.7,aligned,bullish,HH_HL,0.515,10.19,trend_aligned,buy,long_bias,trailed,11931.7,NIFTY,11991.099999999999,5m
17,2019-05-30T15:05:00,11945.7999,2019-05-31T10:15:00,12024.2,aligned,bullish,HH_HL,1.67,42.92,trend_aligned,buy,long_bias,trailed,11920.1,NIFTY,11997.1997,5m
10,2019-05-31T10:50:00,12008.6,2019-05-31T11:40:00,12020.5,aligned,bullish,HH_HL,0.653,15.29,trend_aligned,buy,long_bias,trailed,11985.2,NIFTY,12055.4,5m
4,2019-06-03T13:15:00,12006.0,2019-06-03T13:35:00,12006.1,aligned,bullish,HH_HL,0.454,4.09,trend_aligned,buy,long_bias,trailed,11997.0,NIFTY,12024.0,5m
40,2019-06-04T09:15:00,12071.5,2019-06-04T12:35:00,12022.0,aligned,bullish,HH_HL,-0.4,-19.8,trend_aligned,buy,long_bias,stopped,12022.0,NIFTY,12170.5,5m
19,2019-06-04T13:25:00,12044.7999,2019-06-04T15:00:00,12018.3999,aligned,bullish,HH_HL,-0.4,-10.56,trend_aligned,buy,long_bias,stopped,12018.3999,NIFTY,12097.5999,5m
1,2019-06-04T15:25:00,12036.6,2019-06-06T09:15:00,12005.7999,aligned,bullish,HH_HL,-0.4,-12.32,trend_aligned,buy,long_bias,stopped,12005.7999,NIFTY,12098.200200000001,5m
14,2019-06-11T10:40:00,11937.2,2019-06-11T11:50:00,11953.2,aligned,bullish,HH_HL,0.645,21.21,trend_aligned,buy,long_bias,trailed,11904.2999,NIFTY,12003.000200000002,5m
5,2019-06-11T13:00:00,11955.7999,2019-06-11T13:25:00,11959.7999,aligned,bullish,HH_HL,0.569,7.68,trend_aligned,buy,long_bias,trailed,11942.2999,NIFTY,11982.7999,5m
10,2019-06-11T14:40:00,11977.7999,2019-06-12T09:15:00,11954.0,aligned,bullish,HH_HL,-0.4,-9.52,trend_aligned,buy,long_bias,stopped,11954.0,NIFTY,12025.3997,5m
1,2019-06-18T12:25:00,11708.2999,2019-06-18T12:30:00,11718.0,aligned,bearish,LH_LL,-0.4,-3.88,trend_aligned,sell,short_bias,stopped,11718.0,NIFTY,11688.8997,5m
10,2019-06-18T12:55:00,11715.5,2019-06-18T13:45:00,11696.8999,aligned,bearish,LH_LL,1.086,12.71,trend_aligned,sell,short_bias,trailed,11727.2,NIFTY,11692.099999999999,5m
11,2019-06-18T14:10:00,11705.2,2019-06-18T15:05:00,11687.7,aligned,bearish,LH_LL,0.768,16.9,trend_aligned,sell,short_bias,trailed,11727.2,NIFTY,11661.2,5m
56,2019-06-21T09:15:00,11787.3999,2019-06-21T13:55:00,11750.0,aligned,bullish,HH_HL,-0.4,-14.96,trend_aligned,buy,long_bias,stopped,11750.0,NIFTY,11862.199700000001,5m
5,2019-06-21T14:45:00,11747.5,2019-06-21T15:10:00,11722.7,aligned,bearish,LH_LL,0.688,28.64,trend_aligned,sell,short_bias,trailed,11789.1,NIFTY,11664.3,5m
11,2019-06-24T15:00:00,11700.2,2019-06-25T09:40:00,11674.2,aligned,bearish,LH_LL,0.83,22.73,trend_aligned,sell,short_bias,trailed,11727.6,NIFTY,11645.400000000001,5m
4,2019-06-25T10:05:00,11697.8999,2019-06-25T10:25:00,11695.8999,aligned,bearish,LH_LL,0.512,6.56,trend_aligned,sell,short_bias,trailed,11710.7,NIFTY,11672.2997,5m
8,2019-06-25T10:55:00,11696.3999,2019-06-25T11:35:00,11710.7,aligned,bearish,LH_LL,-0.4,-5.72,trend_aligned,sell,short_bias,stopped,11710.7,NIFTY,11667.7997,5m
2,2019-06-27T12:00:00,11886.2,2019-06-27T12:10:00,11879.1,aligned,bullish,HH_HL,-0.4,-2.84,trend_aligned,buy,long_bias,stopped,11879.1,NIFTY,11900.400000000001,5m
1,2019-06-27T13:40:00,11877.7999,2019-06-27T13:45:00,11864.3999,aligned,bullish,HH_HL,-0.4,-5.36,trend_aligned,buy,long_bias,stopped,11864.3999,NIFTY,11904.5999,5m
33,2019-07-01T11:45:00,11852.6,2019-07-01T14:30:00,11875.7,aligned,bullish,HH_HL,0.929,17.93,trend_aligned,buy,long_bias,trailed,11833.2999,NIFTY,11891.200200000001,5m
7,2019-07-03T09:15:00,11892.8999,2019-07-03T09:50:00,11911.1,aligned,bullish,HH_HL,0.967,13.63,trend_aligned,buy,long_bias,trailed,11878.7999,NIFTY,11921.099900000001,5m
8,2019-07-03T10:15:00,11901.3999,2019-07-03T10:55:00,11910.1,aligned,bullish,HH_HL,0.692,9.96,trend_aligned,buy,long_bias,trailed,11887.0,NIFTY,11930.199700000001,5m
3,2019-07-03T11:35:00,11906.7999,2019-07-03T11:50:00,11910.5,aligned,bullish,HH_HL,0.569,7.06,trend_aligned,buy,long_bias,trailed,11894.3999,NIFTY,11931.5999,5m
4,2019-07-03T12:15:00,11912.5,2019-07-03T12:35:00,11916.7999,aligned,bullish,HH_HL,0.648,5.64,trend_aligned,buy,long_bias,trailed,11903.7999,NIFTY,11929.9002,5m
3,2019-07-03T14:30:00,11934.8999,2019-07-03T14:45:00,11921.7999,aligned,bullish,HH_HL,-0.4,-5.24,trend_aligned,buy,long_bias,stopped,11921.7999,NIFTY,11961.099900000001,5m
15,2019-07-03T15:10:00,11918.2999,2019-07-04T10:10:00,11948.3999,aligned,bullish,HH_HL,1.217,19.1,trend_aligned,buy,long_bias,trailed,11902.6,NIFTY,11949.6997,5m
5,2019-07-04T11:05:00,11950.3999,2019-07-04T11:30:00,11939.8999,aligned,bullish,HH_HL,-0.4,-4.2,trend_aligned,buy,long_bias,stopped,11939.8999,NIFTY,11971.3999,5m
16,2019-07-04T12:05:00,11948.1,2019-07-04T13:25:00,11934.3999,aligned,bullish,HH_HL,-0.4,-5.48,trend_aligned,buy,long_bias,stopped,11934.3999,NIFTY,11975.5002,5m
10,2019-07-04T14:15:00,11946.7999,2019-07-04T15:05:00,11954.0,aligned,bullish,HH_HL,0.647,9.45,trend_aligned,buy,long_bias,trailed,11932.2,NIFTY,11975.999699999998,5m
5,2019-07-05T09:55:00,11962.3999,2019-07-05T10:20:00,11937.1,aligned,bullish,HH_HL,-0.4,-10.12,trend_aligned,buy,long_bias,stopped,11937.1,NIFTY,12012.9997,5m
7,2019-07-05T10:45:00,11938.2,2019-07-05T11:20:00,11943.5,aligned,bullish,HH_HL,0.627,7.52,trend_aligned,buy,long_bias,trailed,11926.2,NIFTY,11962.2,5m
4,2019-07-09T14:15:00,11548.0,2019-07-09T14:35:00,11547.0,aligned,bearish,LH_LL,0.475,7.65,trend_aligned,sell,short_bias,trailed,11564.1,NIFTY,11515.8,5m
2,2019-07-09T15:00:00,11547.7999,2019-07-09T15:10:00,11564.1,aligned,bearish,LH_LL,-0.4,-6.52,trend_aligned,sell,short_bias,stopped,11564.1,NIFTY,11515.1997,5m
3,2019-07-10T09:25:00,11555.0,2019-07-10T09:40:00,11578.2,aligned,bearish,LH_LL,-0.4,-9.28,trend_aligned,sell,short_bias,stopped,11578.2,NIFTY,11508.599999999999,5m
11,2019-07-10T10:05:00,11563.6,2019-07-10T11:00:00,11536.3999,aligned,bearish,LH_LL,0.812,24.43,trend_aligned,sell,short_bias,trailed,11593.7,NIFTY,11503.4,5m
9,2019-07-10T12:20:00,11515.2999,2019-07-10T13:05:00,11497.3999,aligned,bearish,LH_LL,0.751,17.87,trend_aligned,sell,short_bias,trailed,11539.1,NIFTY,11467.6997,5m
13,2019-07-10T13:40:00,11513.7999,2019-07-10T14:45:00,11503.0,aligned,bearish,LH_LL,0.673,13.05,trend_aligned,sell,short_bias,trailed,11533.2,NIFTY,11474.999699999998,5m
2,2019-07-10T15:20:00,11493.2999,2019-07-11T09:15:00,11520.2,aligned,bearish,LH_LL,-0.4,-10.76,trend_aligned,sell,short_bias,stopped,11520.2,NIFTY,11439.499699999998,5m
29,2019-07-11T09:40:00,11525.7999,2019-07-11T12:05:00,11565.0,aligned,bearish,LH_LL,-0.4,-15.68,trend_aligned,sell,short_bias,stopped,11565.0,NIFTY,11447.3997,5m
14,2019-07-19T12:45:00,11479.5,2019-07-19T13:55:00,11443.5,aligned,bearish,LH_LL,1.105,24.3,trend_aligned,sell,short_bias,trailed,11501.5,NIFTY,11435.5,5m
10,2019-07-19T14:35:00,11442.5,2019-07-19T15:25:00,11430.7,aligned,bearish,LH_LL,0.611,17.95,trend_aligned,sell,short_bias,trailed,11471.8999,NIFTY,11383.7002,5m
35,2019-07-22T10:15:00,11366.2999,2019-07-22T13:10:00,11321.1,aligned,bearish,LH_LL,0.689,52.1,trend_aligned,sell,short_bias,trailed,11441.8999,NIFTY,11215.0999,5m
3,2019-07-22T13:35:00,11320.1,2019-07-22T13:50:00,11340.7999,aligned,bearish,LH_LL,-0.4,-8.28,trend_aligned,sell,short_bias,stopped,11340.7999,NIFTY,11278.700200000001,5m
8,2019-07-22T14:15:00,11346.7,2019-07-22T14:55:00,11341.6,aligned,bearish,LH_LL,0.614,7.67,trend_aligned,sell,short_bias,trailed,11359.2,NIFTY,11321.7,5m
2,2019-07-22T15:20:00,11341.0,2019-07-23T09:15:00,11364.1,aligned,bearish,LH_LL,-0.4,-9.24,trend_aligned,sell,short_bias,stopped,11364.1,NIFTY,11294.8,5m
43,2019-07-23T09:45:00,11348.5,2019-07-23T13:20:00,11374.3999,aligned,bearish,LH_LL,-0.4,-10.36,trend_aligned,sell,short_bias,stopped,11374.3999,NIFTY,11296.7002,5m
3,2019-07-23T13:50:00,11373.7,2019-07-23T14:05:00,11387.2,aligned,bearish,LH_LL,-0.4,-5.4,trend_aligned,sell,short_bias,stopped,11387.2,NIFTY,11346.7,5m
31,2019-07-23T15:05:00,11340.3999,2019-07-24T11:25:00,11243.1,aligned,bearish,LH_LL,1.125,64.89,trend_aligned,sell,short_bias,trailed,11398.1,NIFTY,11224.9997,5m
16,2019-07-24T11:50:00,11246.2999,2019-07-24T13:10:00,11269.7,aligned,bearish,LH_LL,-0.4,-9.36,trend_aligned,sell,short_bias,stopped,11269.7,NIFTY,11199.499699999998,5m
6,2019-07-24T13:40:00,11279.6,2019-07-24T14:10:00,11297.6,aligned,bearish,LH_LL,-0.4,-7.2,trend_aligned,sell,short_bias,stopped,11297.6,NIFTY,11243.6,5m
8,2019-07-24T14:50:00,11262.8999,2019-07-25T09:15:00,11298.6,aligned,bearish,LH_LL,-0.4,-14.28,trend_aligned,sell,short_bias,stopped,11298.6,NIFTY,11191.4997,5m
22,2019-07-25T10:30:00,11301.8999,2019-07-25T12:20:00,11274.6,aligned,bearish,LH_LL,0.633,37.69,trend_aligned,sell,short_bias,trailed,11361.3999,NIFTY,11182.8999,5m
2,2019-07-25T13:35:00,11267.2999,2019-07-25T13:45:00,11288.3999,aligned,bearish,LH_LL,-0.4,-8.44,trend_aligned,sell,short_bias,stopped,11288.3999,NIFTY,11225.0999,5m
2,2019-07-25T14:10:00,11277.5,2019-07-25T14:20:00,11289.6,aligned,bearish,LH_LL,-0.4,-4.84,trend_aligned,sell,short_bias,stopped,11289.6,NIFTY,11253.3,5m
3,2019-07-25T14:45:00,11289.2999,2019-07-25T15:00:00,11284.7999,aligned,bearish,LH_LL,0.536,11.25,trend_aligned,sell,short_bias,trailed,11310.2999,NIFTY,11247.2999,5m
71,2019-07-26T09:35:00,11253.0,2019-07-29T09:15:00,11310.2999,aligned,bearish,LH_LL,-0.4,-22.92,trend_aligned,sell,short_bias,stopped,11310.2999,NIFTY,11138.4002,5m
31,2019-07-29T13:00:00,11188.5,2019-07-30T09:20:00,11237.2,aligned,bearish,LH_LL,-0.4,-19.48,trend_aligned,sell,short_bias,stopped,11237.2,NIFTY,11091.099999999999,5m
11,2019-07-30T10:05:00,11234.2999,2019-07-30T11:00:00,11219.2999,aligned,bearish,LH_LL,0.631,20.9,trend_aligned,sell,short_bias,trailed,11267.3999,NIFTY,11168.0999,5m
47,2019-07-30T11:55:00,11195.5,2019-07-31T09:35:00,11047.5,aligned,bearish,LH_LL,1.968,76.75,trend_aligned,sell,short_bias,trailed,11234.5,NIFTY,11117.5,5m
8,2019-07-31T11:00:00,11028.3999,2019-07-31T11:40:00,11072.8999,aligned,bearish,LH_LL,-0.4,-17.8,trend_aligned,sell,short_bias,stopped,11072.8999,NIFTY,10939.3999,5m
13,2019-07-31T12:05:00,11062.2999,2019-07-31T13:10:00,11096.1,aligned,bearish,LH_LL,-0.4,-13.52,trend_aligned,sell,short_bias,stopped,11096.1,NIFTY,10994.6997,5m
4,2019-07-31T13:35:00,11093.7,2019-07-31T13:55:00,11093.7,aligned,bearish,LH_LL,0.45,6.48,trend_aligned,sell,short_bias,trailed,11108.1,NIFTY,11064.900000000001,5m
3,2019-07-31T14:40:00,11121.2999,2019-07-31T14:55:00,11113.7,aligned,bearish,LH_LL,0.577,13.84,trend_aligned,sell,short_bias,trailed,11145.2999,NIFTY,11073.2999,5m
3,2019-07-31T15:20:00,11114.1,2019-08-01T09:20:00,11067.0,aligned,bearish,LH_LL,1.054,32.88,trend_aligned,sell,short_bias,trailed,11145.2999,NIFTY,11051.700200000001,5m
11,2019-08-01T12:20:00,10989.5,2019-08-01T13:15:00,10978.3999,aligned,bearish,LH_LL,0.586,19.16,trend_aligned,sell,short_bias,trailed,11022.2,NIFTY,10924.099999999999,5m
11,2019-08-01T14:05:00,10961.8999,2019-08-01T15:00:00,10933.1,aligned,bearish,LH_LL,0.768,27.81,trend_aligned,sell,short_bias,trailed,10998.1,NIFTY,10889.4997,5m
13,2019-08-02T10:50:00,10885.1,2019-08-02T11:55:00,10935.2999,aligned,bearish,LH_LL,-0.4,-20.08,trend_aligned,sell,short_bias,stopped,10935.2999,NIFTY,10784.700200000001,5m
10,2019-08-02T12:35:00,10929.1,2019-08-02T13:25:00,10920.6,aligned,bearish,LH_LL,0.555,17.98,trend_aligned,sell,short_bias,trailed,10961.5,NIFTY,10864.300000000001,5m
18,2019-08-02T14:50:00,10974.5,2019-08-05T10:05:00,10829.1,aligned,bearish,LH_LL,1.001,105.68,trend_aligned,sell,short_bias,trailed,11080.1,NIFTY,10763.3,5m
4,2019-08-05T11:00:00,10819.8999,2019-08-05T11:20:00,10817.7999,aligned,bearish,LH_LL,0.469,20.64,trend_aligned,sell,short_bias,trailed,10863.8999,NIFTY,10731.8999,5m
2,2019-08-05T11:45:00,10830.8999,2019-08-05T11:55:00,10854.1,aligned,bearish,LH_LL,-0.4,-9.28,trend_aligned,sell,short_bias,stopped,10854.1,NIFTY,10784.4997,5m
3,2019-08-05T12:20:00,10839.5,2019-08-05T12:35:00,10865.6,aligned,bearish,LH_LL,-0.4,-10.44,trend_aligned,sell,short_bias,stopped,10865.6,NIFTY,10787.3,5m
11,2019-08-05T13:00:00,10857.6,2019-08-05T13:55:00,10839.7,aligned,bearish,LH_LL,0.648,23.41,trend_aligned,sell,short_bias,trailed,10893.7,NIFTY,10785.4,5m
3,2019-08-05T14:20:00,10865.8999,2019-08-05T14:35:00,10859.2,aligned,bearish,LH_LL,0.546,15.19,trend_aligned,sell,short_bias,trailed,10893.7,NIFTY,10810.2997,5m
6,2019-08-05T15:00:00,10849.2999,2019-08-06T09:15:00,10878.6,aligned,bearish,LH_LL,-0.4,-11.72,trend_aligned,sell,short_bias,stopped,10878.6,NIFTY,10790.6997,5m
29,2019-08-06T10:15:00,10894.7,2019-08-06T12:40:00,10938.6,aligned,bearish,LH_LL,-0.4,-17.56,trend_aligned,sell,short_bias,stopped,10938.6,NIFTY,10806.900000000001,5m
25,2019-08-07T12:05:00,10929.6,2019-08-07T14:10:00,10915.3999,aligned,bearish,LH_LL,0.573,26.38,trend_aligned,sell,short_bias,trailed,10975.6,NIFTY,10837.6,5m
27,2019-08-08T11:15:00,10871.7,2019-08-08T13:30:00,10906.6,aligned,bearish,LH_LL,-0.4,-13.96,trend_aligned,sell,short_bias,stopped,10906.6,NIFTY,10801.900000000001,5m
3,2019-08-08T14:10:00,10900.2999,2019-08-08T14:25:00,10923.2,aligned,bearish,LH_LL,-0.4,-9.16,trend_aligned,sell,short_bias,stopped,10923.2,NIFTY,10854.499699999998,5m
1,2019-08-20T13:10:00,10998.0,2019-08-20T13:15:00,11018.6,aligned,bearish,LH_LL,-0.4,-8.24,trend_aligned,sell,short_bias,stopped,11018.6,NIFTY,10956.8,5m
53,2019-08-22T11:40:00,10842.2999,2019-08-23T09:50:00,10666.5,aligned,bearish,LH_LL,2.614,84.94,trend_aligned,sell,short_bias,trailed,10874.7999,NIFTY,10777.2999,5m
4,2019-08-23T10:15:00,10716.6,2019-08-23T10:35:00,10786.2,aligned,bearish,LH_LL,-0.4,-27.84,trend_aligned,sell,short_bias,stopped,10786.2,NIFTY,10577.4,5m
26,2019-08-23T11:00:00,10755.7,2019-08-23T13:10:00,10795.3999,aligned,bearish,LH_LL,-0.4,-15.88,trend_aligned,sell,short_bias,stopped,10795.3999,NIFTY,10676.300200000001,5m
17,2019-08-23T13:55:00,10837.1,2019-08-23T15:20:00,10835.1,aligned,bearish,LH_LL,0.481,12.23,trend_aligned,sell,short_bias,trailed,10862.5,NIFTY,10786.300000000001,5m
3,2019-08-29T12:40:00,10961.7,2019-08-29T12:55:00,10961.3999,aligned,bearish,LH_LL,0.458,6.6,trend_aligned,sell,short_bias,trailed,10976.1,NIFTY,10932.900000000001,5m
4,2019-08-29T13:25:00,10969.6,2019-08-29T13:45:00,10969.6,aligned,bearish,LH_LL,0.45,7.83,trend_aligned,sell,short_bias,trailed,10987.0,NIFTY,10934.800000000001,5m
5,2019-08-29T14:15:00,11001.6,2019-08-29T14:40:00,11001.6,aligned,bearish,LH_LL,0.45,8.73,trend_aligned,sell,short_bias,trailed,11021.0,NIFTY,10962.800000000001,5m
17,2019-08-30T12:20:00,10913.2999,2019-08-30T13:45:00,10954.0,aligned,bearish,LH_LL,-0.4,-16.28,trend_aligned,sell,short_bias,stopped,10954.0,NIFTY,10831.8997,5m
3,2019-08-30T14:30:00,10971.2,2019-08-30T14:45:00,10971.2,aligned,bearish,LH_LL,0.45,9.85,trend_aligned,sell,short_bias,trailed,10993.1,NIFTY,10927.400000000001,5m
23,2019-09-03T11:00:00,10905.2,2019-09-03T12:55:00,10884.1,aligned,bearish,LH_LL,0.717,22.66,trend_aligned,sell,short_bias,trailed,10936.7999,NIFTY,10842.000200000002,5m
14,2019-09-03T14:20:00,10868.3999,2019-09-04T09:15:00,10818.8999,aligned,bearish,LH_LL,1.197,31.73,trend_aligned,sell,short_bias,trailed,10894.8999,NIFTY,10815.3999,5m
5,2019-09-04T10:05:00,10813.7999,2019-09-04T10:30:00,10795.3999,aligned,bearish,LH_LL,0.631,25.63,trend_aligned,sell,short_bias,trailed,10854.3999,NIFTY,10732.5999,5m
3,2019-09-04T11:30:00,10797.3999,2019-09-04T11:45:00,10818.5,aligned,bearish,LH_LL,-0.4,-8.44,trend_aligned,sell,short_bias,stopped,10818.5,NIFTY,10755.199700000001,5m
10,2019-09-04T12:10:00,10797.7,2019-09-04T13:00:00,10822.8999,aligned,bearish,LH_LL,-0.4,-10.08,trend_aligned,sell,short_bias,stopped,10822.8999,NIFTY,10747.300200000001,5m
11,2019-09-04T13:45:00,10826.8999,2019-09-04T14:40:00,10826.2,aligned,bearish,LH_LL,0.463,10.05,trend_aligned,sell,short_bias,trailed,10848.6,NIFTY,10783.4997,5m
3,2019-09-04T15:15:00,10843.0,2019-09-05T09:15:00,10858.7,aligned,bearish,LH_LL,-0.4,-6.28,trend_aligned,sell,short_bias,stopped,10858.7,NIFTY,10811.599999999999,5m
6,2019-09-05T13:10:00,10854.1,2019-09-05T13:40:00,10845.5,aligned,bearish,LH_LL,0.558,17.79,trend_aligned,sell,short_bias,trailed,10886.0,NIFTY,10790.300000000001,5m
17,2019-09-05T14:05:00,10839.6,2019-09-06T09:15:00,10860.5,aligned,bearish,LH_LL,-0.4,-8.36,trend_aligned,sell,short_bias,stopped,10860.5,NIFTY,10797.800000000001,5m
5,2019-09-13T12:30:00,10979.0,2019-09-13T12:55:00,10977.0,aligned,bearish,LH_LL,0.498,8.27,trend_aligned,sell,short_bias,trailed,10995.6,NIFTY,10945.8,5m
25,2019-09-17T12:25:00,10917.6,2019-09-17T14:30:00,10836.6,aligned,bearish,LH_LL,2.155,40.95,trend_aligned,sell,short_bias,trailed,10936.6,NIFTY,10879.6,5m
1,2019-09-17T15:25:00,10827.2,2019-09-18T09:15:00,10864.6,aligned,bearish,LH_LL,-0.4,-14.96,trend_aligned,sell,short_bias,stopped,10864.6,NIFTY,10752.400000000001,5m
7,2019-09-18T09:40:00,10840.5,2019-09-18T10:15:00,10823.3999,aligned,bearish,LH_LL,0.603,26.91,trend_aligned,sell,short_bias,trailed,10885.1,NIFTY,10751.3,5m
81,2019-09-18T10:45:00,10836.7,2019-09-19T11:15:00,10748.8999,aligned,bearish,LH_LL,1.176,56.9,trend_aligned,sell,short_bias,trailed,10885.1,NIFTY,10739.900000000001,5m
8,2019-09-19T11:40:00,10757.1,2019-09-19T12:20:00,10746.3999,aligned,bearish,LH_LL,0.652,13.82,trend_aligned,sell,short_bias,trailed,10778.2999,NIFTY,10714.700200000001,5m
11,2019-09-19T14:05:00,10708.3999,2019-09-19T15:00:00,10699.7,aligned,bearish,LH_LL,0.564,17.25,trend_aligned,sell,short_bias,trailed,10739.0,NIFTY,10647.199700000001,5m
1,2019-09-19T15:25:00,10698.1,2019-09-20T09:15:00,10717.3999,aligned,bearish,LH_LL,-0.4,-7.72,trend_aligned,sell,short_bias,stopped,10717.3999,NIFTY,10659.5002,5m
6,2019-09-20T09:40:00,10717.0,2019-09-20T10:10:00,10706.3999,aligned,bearish,LH_LL,0.583,18.55,trend_aligned,sell,short_bias,trailed,10748.7999,NIFTY,10653.4002,5m
4,2019-09-24T12:55:00,11564.2,2019-09-24T13:15:00,11568.1,aligned,bullish,HH_HL,0.512,12.81,trend_aligned,buy,long_bias,trailed,11539.2,NIFTY,11614.2,5m
18,2019-09-24T13:40:00,11572.7999,2019-09-24T15:10:00,11585.6,aligned,bullish,HH_HL,0.603,20.15,trend_aligned,buy,long_bias,trailed,11539.3999,NIFTY,11639.5999,5m
18,2019-09-27T09:40:00,11557.0,2019-09-27T11:10:00,11516.7999,aligned,bullish,HH_HL,-0.4,-16.08,trend_aligned,buy,long_bias,stopped,11516.7999,NIFTY,11637.4002,5m
5,2019-09-27T14:00:00,11545.8999,2019-09-27T14:25:00,11523.7999,aligned,bullish,HH_HL,-0.4,-8.84,trend_aligned,buy,long_bias,stopped,11523.7999,NIFTY,11590.099900000001,5m
2,2019-10-16T09:50:00,11443.1,2019-10-16T10:00:00,11443.1,aligned,bullish,HH_HL,0.45,10.08,trend_aligned,buy,long_bias,trailed,11420.7,NIFTY,11487.9,5m
34,2019-10-16T10:25:00,11450.6,2019-10-16T13:15:00,11420.7,aligned,bullish,HH_HL,-0.4,-11.96,trend_aligned,buy,long_bias,stopped,11420.7,NIFTY,11510.4,5m
11,2019-10-18T09:15:00,11563.7,2019-10-18T10:10:00,11609.2,aligned,bullish,HH_HL,1.199,29.14,trend_aligned,buy,long_bias,trailed,11539.3999,NIFTY,11612.300200000001,5m
19,2019-10-18T11:05:00,11623.3999,2019-10-18T12:40:00,11645.5,aligned,bullish,HH_HL,0.774,21.12,trend_aligned,buy,long_bias,trailed,11596.1,NIFTY,11677.9997,5m
12,2019-10-18T13:20:00,11643.7,2019-10-18T14:20:00,11662.2,aligned,bullish,HH_HL,0.859,15.55,trend_aligned,buy,long_bias,trailed,11625.6,NIFTY,11679.900000000001,5m
9,2019-10-18T15:05:00,11661.7,2019-10-22T09:35:00,11661.7,aligned,bullish,HH_HL,0.45,11.57,trend_aligned,buy,long_bias,trailed,11636.0,NIFTY,11713.100000000002,5m
3,2019-10-22T10:05:00,11654.8999,2019-10-22T10:20:00,11638.5,aligned,bullish,HH_HL,-0.4,-6.56,trend_aligned,buy,long_bias,stopped,11638.5,NIFTY,11687.699700000001,5m
18,2019-10-22T11:00:00,11652.5,2019-10-22T12:30:00,11673.5,aligned,bullish,HH_HL,0.85,17.85,trend_aligned,buy,long_bias,trailed,11631.5,NIFTY,11694.5,5m
8,2019-10-22T12:55:00,11668.2999,2019-10-22T13:35:00,11635.7999,aligned,bullish,HH_HL,-0.4,-13.0,trend_aligned,buy,long_bias,stopped,11635.7999,NIFTY,11733.2999,5m
3,2019-10-22T14:00:00,11620.2999,2019-10-22T14:15:00,11592.2999,aligned,bullish,HH_HL,-0.4,-11.2,trend_aligned,buy,long_bias,stopped,11592.2999,NIFTY,11676.2999,5m
11,2019-10-23T11:45:00,11636.7,2019-10-23T12:40:00,11615.5,aligned,bullish,HH_HL,-0.4,-8.48,trend_aligned,buy,long_bias,stopped,11615.5,NIFTY,11679.100000000002,5m
11,2019-10-23T13:10:00,11625.0,2019-10-23T14:05:00,11627.7999,aligned,bullish,HH_HL,0.525,7.87,trend_aligned,buy,long_bias,trailed,11610.0,NIFTY,11655.0,5m
44,2019-10-24T09:35:00,11633.7,2019-10-24T13:15:00,11562.1,aligned,bullish,HH_HL,-0.4,-28.64,trend_aligned,buy,long_bias,stopped,11562.1,NIFTY,11776.900000000001,5m
2,2019-10-29T14:50:00,11788.7,2019-10-29T15:00:00,11788.7,aligned,bullish,HH_HL,0.45,3.87,trend_aligned,buy,long_bias,trailed,11780.1,NIFTY,11805.900000000001,5m
4,2019-10-29T15:25:00,11791.6,2019-10-30T09:30:00,11816.8999,aligned,bullish,HH_HL,1.129,16.82,trend_aligned,buy,long_bias,trailed,11776.7,NIFTY,11821.4,5m
48,2019-10-30T09:55:00,11828.0,2019-10-30T13:55:00,11859.6,aligned,bullish,HH_HL,0.696,35.72,trend_aligned,buy,long_bias,trailed,11776.7,NIFTY,11930.599999999999,5m
9,2019-10-30T14:40:00,11838.5,2019-10-30T15:25:00,11846.7999,aligned,bullish,HH_HL,0.616,12.32,trend_aligned,buy,long_bias,trailed,11818.5,NIFTY,11878.5,5m
9,2019-10-31T11:15:00,11914.2999,2019-10-31T12:00:00,11894.8999,aligned,bullish,HH_HL,-0.4,-7.76,trend_aligned,buy,long_bias,stopped,11894.8999,NIFTY,11953.0999,5m
15,2019-10-31T12:25:00,11903.2,2019-10-31T13:40:00,11920.0,aligned,bullish,HH_HL,0.944,12.84,trend_aligned,buy,long_bias,trailed,11889.6,NIFTY,11930.400000000001,5m
21,2019-10-31T15:05:00,11895.5,2019-11-01T10:35:00,11855.0,aligned,bullish,HH_HL,-0.4,-16.2,trend_aligned,buy,long_bias,stopped,11855.0,NIFTY,11976.5,5m
47,2019-11-01T11:05:00,11882.2999,2019-11-01T15:00:00,11887.0,aligned,bullish,HH_HL,0.498,19.43,trend_aligned,buy,long_bias,trailed,11843.2999,NIFTY,11960.2999,5m
8,2019-11-04T10:50:00,11955.1,2019-11-04T11:30:00,11965.2,aligned,bullish,HH_HL,0.597,16.42,trend_aligned,buy,long_bias,trailed,11927.6,NIFTY,12010.1,5m
5,2019-11-04T13:00:00,11930.7999,2019-11-04T13:25:00,11905.8999,aligned,bullish,HH_HL,-0.4,-9.96,trend_aligned,buy,long_bias,stopped,11905.8999,NIFTY,11980.5999,5m
5,2019-11-04T15:10:00,11936.3999,2019-11-05T09:20:00,11939.6,aligned,bullish,HH_HL,0.517,9.92,trend_aligned,buy,long_bias,trailed,11917.2,NIFTY,11974.7997,5m
23,2019-11-05T09:45:00,11950.5,2019-11-05T11:40:00,11917.8999,aligned,bullish,HH_HL,-0.4,-13.04,trend_aligned,buy,long_bias,stopped,11917.8999,NIFTY,12015.7002,5m
4,2019-11-06T14:45:00,11984.1,2019-11-06T15:05:00,11961.3999,aligned,bullish,HH_HL,-0.4,-9.08,trend_aligned,buy,long_bias,stopped,11961.3999,NIFTY,12029.5002,5m
33,2019-11-07T09:45:00,11995.8999,2019-11-07T12:30:00,11956.2,aligned,bullish,HH_HL,-0.4,-15.88,trend_aligned,buy,long_bias,stopped,11956.2,NIFTY,12075.2997,5m
4,2019-11-07T14:35:00,11993.2,2019-11-07T14:55:00,11993.3999,aligned,bullish,HH_HL,0.459,4.54,trend_aligned,buy,long_bias,trailed,11983.2999,NIFTY,12013.000200000002,5m
10,2019-11-08T09:20:00,11982.7,2019-11-08T10:10:00,11987.6,aligned,bullish,HH_HL,0.571,9.25,trend_aligned,buy,long_bias,trailed,11966.5,NIFTY,12015.100000000002,5m
31,2019-11-08T10:50:00,11962.8999,2019-11-08T13:25:00,12018.7999,aligned,bullish,HH_HL,2.003,28.84,trend_aligned,buy,long_bias,trailed,11948.5,NIFTY,11991.699700000001,5m
12,2019-11-08T13:50:00,11981.7999,2019-11-08T14:50:00,11958.7,aligned,bullish,HH_HL,-0.4,-9.24,trend_aligned,buy,long_bias,stopped,11958.7,NIFTY,12027.999699999998,5m
214,2019-11-15T10:35:00,11930.2999,2019-11-20T09:40:00,11978.7,aligned,bullish,HH_HL,0.731,50.32,trend_aligned,buy,long_bias,trailed,11861.5,NIFTY,12067.8997,5m
63,2019-11-20T11:20:00,12014.0,2019-11-21T10:20:00,11975.6,aligned,bullish,HH_HL,-0.4,-15.36,trend_aligned,buy,long_bias,stopped,11975.6,NIFTY,12090.8,5m
18,2019-11-21T11:05:00,11978.2,2019-11-21T12:35:00,11988.1,aligned,bullish,HH_HL,0.75,9.9,trend_aligned,buy,long_bias,trailed,11965.0,NIFTY,12004.600000000002,5m
3,2019-11-21T13:25:00,11990.7999,2019-11-21T13:40:00,11990.7999,aligned,bullish,HH_HL,0.449,3.91,trend_aligned,buy,long_bias,trailed,11982.1,NIFTY,12008.1997,5m
6,2019-11-21T14:15:00,11993.8999,2019-11-21T14:45:00,11993.8999,aligned,bullish,HH_HL,0.45,6.25,trend_aligned,buy,long_bias,trailed,11980.0,NIFTY,12021.699700000001,5m
22,2019-11-25T14:35:00,12045.6,2019-11-26T10:10:00,12112.3999,aligned,bullish,HH_HL,1.573,37.43,trend_aligned,buy,long_bias,trailed,12021.7999,NIFTY,12093.200200000001,5m
30,2019-11-26T10:45:00,12082.3999,2019-11-26T13:15:00,12093.5,aligned,bullish,HH_HL,0.678,13.22,trend_aligned,buy,long_bias,trailed,12062.8999,NIFTY,12121.3999,5m
2,2019-11-26T13:40:00,12093.5,2019-11-26T13:50:00,12073.0,aligned,bullish,HH_HL,-0.4,-8.2,trend_aligned,buy,long_bias,stopped,12073.0,NIFTY,12134.5,5m
1,2019-11-26T14:15:00,12074.8999,2019-11-26T14:20:00,12062.3999,aligned,bullish,HH_HL,-0.4,-5.0,trend_aligned,buy,long_bias,stopped,12062.3999,NIFTY,12099.8999,5m
14,2019-11-26T14:45:00,12047.0,2019-11-27T09:40:00,12089.7,aligned,bullish,HH_HL,0.87,35.4,trend_aligned,buy,long_bias,trailed,12006.2999,NIFTY,12128.4002,5m
15,2019-11-27T10:50:00,12085.8999,2019-11-27T12:05:00,12065.0,aligned,bullish,HH_HL,-0.4,-8.36,trend_aligned,buy,long_bias,stopped,12065.0,NIFTY,12127.699700000001,5m
33,2019-11-27T12:55:00,12071.6,2019-11-28T09:25:00,12105.1,aligned,bullish,HH_HL,1.262,20.82,trend_aligned,buy,long_bias,trailed,12055.1,NIFTY,12104.6,5m
25,2019-11-28T10:35:00,12119.2,2019-11-28T12:40:00,12132.6,aligned,bullish,HH_HL,0.702,14.95,trend_aligned,buy,long_bias,trailed,12097.8999,NIFTY,12161.800200000001,5m
5,2019-11-28T13:05:00,12126.1,2019-11-28T13:30:00,12126.1,aligned,bullish,HH_HL,0.45,5.31,trend_aligned,buy,long_bias,trailed,12114.2999,NIFTY,12149.700200000001,5m
3,2019-11-28T14:00:00,12116.2,2019-11-28T14:15:00,12119.8999,aligned,bullish,HH_HL,0.578,6.7,trend_aligned,buy,long_bias,trailed,12104.6,NIFTY,12139.400000000001,5m
9,2019-11-28T14:45:00,12119.7999,2019-11-29T09:15:00,12146.2999,aligned,bullish,HH_HL,1.147,17.44,trend_aligned,buy,long_bias,trailed,12104.6,NIFTY,12150.1997,5m
81,2019-12-02T09:20:00,12084.7999,2019-12-03T09:50:00,12017.8999,aligned,bullish,HH_HL,-0.4,-26.76,trend_aligned,buy,long_bias,stopped,12017.8999,NIFTY,12218.5999,5m
11,2019-12-05T10:30:00,12058.2999,2019-12-05T11:25:00,12064.0,aligned,bullish,HH_HL,0.54,13.62,trend_aligned,buy,long_bias,trailed,12033.1,NIFTY,12108.6997,5m
25,2019-12-05T12:40:00,12045.2,2019-12-05T14:45:00,12001.8999,aligned,bullish,HH_HL,-0.4,-17.32,trend_aligned,buy,long_bias,stopped,12001.8999,NIFTY,12131.800200000001,5m
14,2019-12-13T11:30:00,12043.8999,2019-12-13T12:40:00,12054.7999,aligned,bullish,HH_HL,0.733,11.29,trend_aligned,buy,long_bias,trailed,12028.5,NIFTY,12074.699700000001,5m
6,2019-12-13T14:45:00,12075.6,2019-12-13T15:15:00,12082.2999,aligned,bullish,HH_HL,0.695,7.58,trend_aligned,buy,long_bias,trailed,12064.7,NIFTY,12097.4,5m
14,2019-12-16T09:50:00,12088.6,2019-12-16T11:00:00,12070.7999,aligned,bullish,HH_HL,-0.4,-7.12,trend_aligned,buy,long_bias,stopped,12070.7999,NIFTY,12124.200200000001,5m
9,2019-12-16T11:25:00,12082.7,2019-12-16T12:10:00,12069.6,aligned,bullish,HH_HL,-0.4,-5.24,trend_aligned,buy,long_bias,stopped,12069.6,NIFTY,12108.900000000001,5m
6,2019-12-16T12:35:00,12072.8999,2019-12-16T13:05:00,12078.7999,aligned,bullish,HH_HL,0.663,7.36,trend_aligned,buy,long_bias,trailed,12061.7999,NIFTY,12095.099900000001,5m
3,2019-12-16T14:25:00,12080.2,2019-12-16T14:40:00,12080.2,aligned,bullish,HH_HL,0.451,3.2,trend_aligned,buy,long_bias,trailed,12073.1,NIFTY,12094.400000000001,5m
17,2019-12-16T15:25:00,12060.8999,2019-12-17T10:35:00,12128.0,aligned,bullish,HH_HL,2.288,33.41,trend_aligned,buy,long_bias,trailed,12046.2999,NIFTY,12090.099900000001,5m
19,2019-12-17T11:35:00,12126.1,2019-12-17T13:10:00,12145.8999,aligned,bullish,HH_HL,1.505,11.29,trend_aligned,buy,long_bias,trailed,12118.6,NIFTY,12141.1,5m
32,2019-12-17T13:35:00,12143.2,2019-12-18T10:00:00,12182.3999,aligned,bullish,HH_HL,1.862,20.67,trend_aligned,buy,long_bias,trailed,12132.1,NIFTY,12165.400000000001,5m
7,2019-12-18T10:25:00,12172.5,2019-12-18T11:00:00,12179.5,aligned,bullish,HH_HL,0.606,10.85,trend_aligned,buy,long_bias,trailed,12154.6,NIFTY,12208.3,5m
5,2019-12-18T12:20:00,12191.7999,2019-12-18T12:45:00,12200.8999,aligned,bullish,HH_HL,0.646,12.01,trend_aligned,buy,long_bias,trailed,12173.2,NIFTY,12228.999699999998,5m
23,2019-12-18T13:15:00,12202.6,2019-12-18T15:10:00,12214.2999,aligned,bullish,HH_HL,0.637,15.93,trend_aligned,buy,long_bias,trailed,12177.6,NIFTY,12252.6,5m
4,2019-12-19T09:20:00,12215.7999,2019-12-19T09:40:00,12191.3999,aligned,bullish,HH_HL,-0.4,-9.76,trend_aligned,buy,long_bias,stopped,12191.3999,NIFTY,12264.5999,5m
34,2019-12-19T10:05:00,12203.2999,2019-12-19T12:55:00,12246.5,aligned,bullish,HH_HL,1.866,22.77,trend_aligned,buy,long_bias,trailed,12191.1,NIFTY,12227.6997,5m
12,2019-12-19T13:20:00,12242.8999,2019-12-19T14:20:00,12250.2,aligned,bullish,HH_HL,0.62,10.66,trend_aligned,buy,long_bias,trailed,12225.7,NIFTY,12277.2997,5m
17,2019-12-19T14:45:00,12240.8999,2019-12-20T09:55:00,12277.0,aligned,bullish,HH_HL,1.787,19.3,trend_aligned,buy,long_bias,trailed,12230.1,NIFTY,12262.4997,5m
8,2019-12-20T10:20:00,12268.7999,2019-12-20T11:00:00,12281.2,aligned,bullish,HH_HL,0.639,16.75,trend_aligned,buy,long_bias,trailed,12242.6,NIFTY,12321.1997,5m
43,2019-12-20T11:55:00,12273.8999,2019-12-23T09:15:00,12253.2999,aligned,bullish,HH_HL,-0.4,-8.24,trend_aligned,buy,long_bias,stopped,12253.2999,NIFTY,12315.099900000001,5m
11,2019-12-23T09:40:00,12261.0,2019-12-23T10:35:00,12278.0,aligned,bullish,HH_HL,0.665,21.07,trend_aligned,buy,long_bias,trailed,12229.2999,NIFTY,12324.4002,5m
21,2019-12-23T11:00:00,12265.2,2019-12-23T12:45:00,12268.2,aligned,bullish,HH_HL,0.59,5.07,trend_aligned,buy,long_bias,trailed,12256.6,NIFTY,12282.400000000001,5m
5,2019-12-30T10:50:00,12271.8999,2019-12-30T11:15:00,12256.1,aligned,bullish,HH_HL,-0.4,-6.32,trend_aligned,buy,long_bias,stopped,12256.1,NIFTY,12303.4997,5m
8,2019-12-30T13:00:00,12228.3999,2019-12-30T13:40:00,12228.3999,aligned,bullish,HH_HL,0.45,6.57,trend_aligned,buy,long_bias,trailed,12213.7999,NIFTY,12257.599900000001,5m
17,2019-12-30T14:05:00,12227.7999,2019-12-31T09:15:00,12248.6,aligned,bullish,HH_HL,1.057,14.48,trend_aligned,buy,long_bias,trailed,12214.1,NIFTY,12255.1997,5m
3,2019-12-31T13:30:00,12222.6,2019-12-31T13:45:00,12226.1,aligned,bullish,HH_HL,0.58,6.26,trend_aligned,buy,long_bias,trailed,12211.7999,NIFTY,12244.200200000001,5m
20,2020-01-02T12:45:00,12253.2999,2020-01-02T14:25:00,12266.3999,aligned,bullish,HH_HL,0.651,16.98,trend_aligned,buy,long_bias,trailed,12227.2,NIFTY,12305.499699999998,5m
3,2020-01-03T09:25:00,12251.2,2020-01-03T09:40:00,12234.1,aligned,bullish,HH_HL,-0.4,-6.84,trend_aligned,buy,long_bias,stopped,12234.1,NIFTY,12285.400000000001,5m
20,2020-01-03T10:05:00,12252.5,2020-01-03T11:45:00,12228.0,aligned,bullish,HH_HL,-0.4,-9.8,trend_aligned,buy,long_bias,stopped,12228.0,NIFTY,12301.5,5m
22,2020-01-09T13:35:00,12202.6,2020-01-09T15:25:00,12212.7999,aligned,bullish,HH_HL,0.638,13.85,trend_aligned,buy,long_bias,trailed,12180.8999,NIFTY,12246.0002,5m
15,2020-01-10T09:35:00,12233.6,2020-01-10T10:50:00,12273.2,aligned,bullish,HH_HL,0.811,35.59,trend_aligned,buy,long_bias,trailed,12189.7,NIFTY,12321.4,5m
2,2020-01-10T12:50:00,12298.2999,2020-01-10T13:00:00,12285.0,aligned,bullish,HH_HL,-0.4,-5.32,trend_aligned,buy,long_bias,stopped,12285.0,NIFTY,12324.8997,5m
4,2020-01-10T13:45:00,12263.0,2020-01-10T14:05:00,12250.1,aligned,bullish,HH_HL,-0.4,-5.16,trend_aligned,buy,long_bias,stopped,12250.1,NIFTY,12288.8,5m
5,2020-01-10T14:30:00,12234.7999,2020-01-10T14:55:00,12216.6,aligned,bullish,HH_HL,-0.4,-7.28,trend_aligned,buy,long_bias,stopped,12216.6,NIFTY,12271.1997,5m
5,2020-01-13T10:55:00,12320.6,2020-01-13T11:20:00,12329.2,aligned,bullish,HH_HL,0.655,11.0,trend_aligned,buy,long_bias,trailed,12303.7999,NIFTY,12354.200200000001,5m
14,2020-01-13T11:50:00,12327.7,2020-01-13T13:00:00,12316.2999,aligned,bullish,HH_HL,-0.4,-4.56,trend_aligned,buy,long_bias,stopped,12316.2999,NIFTY,12350.500200000002,5m
1,2020-01-13T13:25:00,12313.7999,2020-01-13T13:30:00,12305.8999,aligned,bullish,HH_HL,-0.4,-3.16,trend_aligned,buy,long_bias,stopped,12305.8999,NIFTY,12329.5999,5m
2,2020-01-13T13:55:00,12315.1,2020-01-13T14:05:00,12305.5,aligned,bullish,HH_HL,-0.4,-3.84,trend_aligned,buy,long_bias,stopped,12305.5,NIFTY,12334.300000000001,5m
27,2020-01-13T14:30:00,12319.5,2020-01-14T10:30:00,12334.2999,aligned,bullish,HH_HL,0.701,16.54,trend_aligned,buy,long_bias,trailed,12295.8999,NIFTY,12366.7002,5m
17,2020-01-14T10:55:00,12333.7,2020-01-14T12:20:00,12343.0,aligned,bullish,HH_HL,0.65,12.09,trend_aligned,buy,long_bias,trailed,12315.1,NIFTY,12370.900000000001,5m
9,2020-01-14T12:45:00,12337.8999,2020-01-14T13:30:00,12325.8999,aligned,bullish,HH_HL,-0.4,-4.8,trend_aligned,buy,long_bias,stopped,12325.8999,NIFTY,12361.8999,5m
2,2020-01-14T14:10:00,12328.1,2020-01-14T14:20:00,12328.1,aligned,bullish,HH_HL,0.45,2.7,trend_aligned,buy,long_bias,trailed,12322.1,NIFTY,12340.1,5m
9,2020-01-16T10:25:00,12348.7,2020-01-16T11:10:00,12326.8999,aligned,bullish,HH_HL,-0.4,-8.72,trend_aligned,buy,long_bias,stopped,12326.8999,NIFTY,12392.300200000001,5m
16,2020-01-16T11:35:00,12331.6,2020-01-16T12:55:00,12331.6,aligned,bullish,HH_HL,0.45,7.11,trend_aligned,buy,long_bias,trailed,12315.7999,NIFTY,12363.200200000001,5m
4,2020-01-16T14:40:00,12355.2,2020-01-16T15:00:00,12344.7999,aligned,bullish,HH_HL,-0.4,-4.16,trend_aligned,buy,long_bias,stopped,12344.7999,NIFTY,12376.000200000002,5m
1,2020-01-16T15:25:00,12353.6,2020-01-17T09:15:00,12344.2,aligned,bullish,HH_HL,-0.4,-3.76,trend_aligned,buy,long_bias,stopped,12344.2,NIFTY,12372.4,5m
11,2020-01-17T11:15:00,12363.2999,2020-01-17T12:10:00,12339.2999,aligned,bullish,HH_HL,-0.4,-9.6,trend_aligned,buy,long_bias,stopped,12339.2999,NIFTY,12411.2999,5m
12,2020-01-17T14:05:00,12357.8999,2020-01-17T15:05:00,12357.8999,aligned,bullish,HH_HL,0.45,6.16,trend_aligned,buy,long_bias,trailed,12344.2,NIFTY,12385.2997,5m
3,2020-01-20T09:20:00,12376.6,2020-01-20T09:35:00,12343.8999,aligned,bullish,HH_HL,-0.4,-13.08,trend_aligned,buy,long_bias,stopped,12343.8999,NIFTY,12442.0002,5m
12,2020-01-24T14:30:00,12253.2999,2020-01-27T09:15:00,12225.5,aligned,bullish,HH_HL,-0.4,-11.12,trend_aligned,buy,long_bias,stopped,12225.5,NIFTY,12308.8997,5m
8,2020-02-01T11:15:00,11997.5,2020-02-01T11:55:00,11979.8999,aligned,bearish,LH_LL,0.806,15.95,trend_aligned,sell,short_bias,trailed,12017.2999,NIFTY,11957.9002,5m
11,2020-02-01T13:00:00,11942.2999,2020-02-01T13:55:00,11823.1,aligned,bearish,LH_LL,1.367,71.08,trend_aligned,sell,short_bias,trailed,11994.2999,NIFTY,11838.2999,5m
9,2020-02-01T14:20:00,11818.6,2020-02-01T15:05:00,11717.2,aligned,bearish,LH_LL,0.714,109.68,trend_aligned,sell,short_bias,trailed,11972.2,NIFTY,11511.4,5m
4,2020-02-03T11:35:00,11701.7999,2020-02-03T11:55:00,11671.7999,aligned,bearish,LH_LL,0.7,33.6,trend_aligned,sell,short_bias,trailed,11749.7999,NIFTY,11605.7999,5m
36,2020-02-03T12:30:00,11686.7999,2020-02-04T09:15:00,11749.7999,aligned,bearish,LH_LL,-0.4,-25.2,trend_aligned,sell,short_bias,stopped,11749.7999,NIFTY,11560.7999,5m
11,2020-02-10T11:25:00,12012.1,2020-02-10T12:20:00,12041.1,aligned,bearish,LH_LL,-0.4,-11.6,trend_aligned,sell,short_bias,stopped,12041.1,NIFTY,11954.1,5m
12,2020-02-10T13:00:00,12023.1,2020-02-10T14:00:00,12017.2999,aligned,bearish,LH_LL,0.577,10.51,trend_aligned,sell,short_bias,trailed,12041.2999,NIFTY,11986.700200000001,5m
6,2020-02-10T14:35:00,12011.6,2020-02-10T15:05:00,12027.3999,aligned,bearish,LH_LL,-0.4,-6.32,trend_aligned,sell,short_bias,stopped,12027.3999,NIFTY,11980.0002,5m
3,2020-02-12T15:15:00,12198.7,2020-02-13T09:15:00,12187.0,aligned,bullish,HH_HL,-0.4,-4.68,trend_aligned,buy,long_bias,stopped,12187.0,NIFTY,12222.100000000002,5m
26,2020-02-13T12:45:00,12153.2999,2020-02-13T14:55:00,12154.5,aligned,bullish,HH_HL,0.486,6.56,trend_aligned,buy,long_bias,trailed,12139.7999,NIFTY,12180.2999,5m
9,2020-02-18T13:00:00,11933.7999,2020-02-18T13:45:00,11919.6,aligned,bearish,LH_LL,1.143,9.37,trend_aligned,sell,short_bias,trailed,11942.0,NIFTY,11917.3997,5m
2,2020-02-18T14:10:00,11932.3999,2020-02-18T14:20:00,11942.0,aligned,bearish,LH_LL,-0.4,-3.84,trend_aligned,sell,short_bias,stopped,11942.0,NIFTY,11913.199700000001,5m
2,2020-02-18T14:45:00,11941.7,2020-02-18T14:55:00,11959.2,aligned,bearish,LH_LL,-0.4,-7.0,trend_aligned,sell,short_bias,stopped,11959.2,NIFTY,11906.7,5m
32,2020-02-24T12:50:00,11960.7999,2020-02-25T09:15:00,11839.5,aligned,bearish,LH_LL,2.864,57.56,trend_aligned,sell,short_bias,trailed,11980.8999,NIFTY,11920.5999,5m
6,2020-02-25T10:00:00,11855.6,2020-02-25T10:30:00,11843.7999,aligned,bearish,LH_LL,0.622,17.05,trend_aligned,sell,short_bias,trailed,11883.0,NIFTY,11800.800000000001,5m
16,2020-02-25T11:05:00,11835.3999,2020-02-25T12:25:00,11870.5,aligned,bearish,LH_LL,-0.4,-14.04,trend_aligned,sell,short_bias,stopped,11870.5,NIFTY,11765.199700000001,5m
14,2020-02-25T13:20:00,11838.6,2020-02-25T14:30:00,11809.7,aligned,bearish,LH_LL,0.787,26.99,trend_aligned,sell,short_bias,trailed,11872.8999,NIFTY,11770.0002,5m
3,2020-02-25T14:55:00,11810.8999,2020-02-25T15:10:00,11790.7999,aligned,bearish,LH_LL,0.686,23.34,trend_aligned,sell,short_bias,trailed,11844.8999,NIFTY,11742.8999,5m
11,2020-02-26T11:20:00,11706.7999,2020-02-26T12:15:00,11726.5,aligned,bearish,LH_LL,-0.4,-7.88,trend_aligned,sell,short_bias,stopped,11726.5,NIFTY,11667.3997,5m
3,2020-02-26T13:00:00,11727.3999,2020-02-26T13:15:00,11740.5,aligned,bearish,LH_LL,-0.4,-5.24,trend_aligned,sell,short_bias,stopped,11740.5,NIFTY,11701.199700000001,5m
15,2020-02-26T13:45:00,11755.0,2020-02-26T15:00:00,11689.2,aligned,bearish,LH_LL,1.383,39.01,trend_aligned,sell,short_bias,trailed,11783.2,NIFTY,11698.599999999999,5m
20,2020-02-27T11:15:00,11568.2999,2020-02-27T12:55:00,11602.0,aligned,bearish,LH_LL,-0.4,-13.48,trend_aligned,sell,short_bias,stopped,11602.0,NIFTY,11500.8997,5m
9,2020-02-27T13:25:00,11596.5,2020-02-27T14:10:00,11587.7,aligned,bearish,LH_LL,0.566,17.15,trend_aligned,sell,short_bias,trailed,11626.7999,NIFTY,11535.9002,5m
3,2020-02-27T14:35:00,11609.2999,2020-02-27T14:50:00,11626.7999,aligned,bearish,LH_LL,-0.4,-7.0,trend_aligned,sell,short_bias,stopped,11626.7999,NIFTY,11574.2999,5m
11,2020-02-27T15:25:00,11618.2,2020-02-28T10:05:00,11311.1,aligned,bearish,LH_LL,5.423,133.95,trend_aligned,sell,short_bias,trailed,11642.8999,NIFTY,11568.800200000001,5m
67,2020-03-02T09:15:00,11356.2999,2020-03-02T14:50:00,11303.7999,aligned,bearish,LH_LL,0.724,55.52,trend_aligned,sell,short_bias,trailed,11433.0,NIFTY,11202.8997,5m
21,2020-03-03T09:15:00,11293.6,2020-03-03T11:00:00,11221.1,aligned,bearish,LH_LL,0.68,85.7,trend_aligned,sell,short_bias,trailed,11419.6,NIFTY,11041.6,5m
6,2020-03-03T12:10:00,11190.3999,2020-03-03T12:40:00,11244.7,aligned,bearish,LH_LL,-0.4,-21.72,trend_aligned,sell,short_bias,stopped,11244.7,NIFTY,11081.7997,5m
7,2020-03-03T13:10:00,11199.7,2020-03-03T13:45:00,11259.1,aligned,bearish,LH_LL,-0.4,-23.76,trend_aligned,sell,short_bias,stopped,11259.1,NIFTY,11080.900000000001,5m
2,2020-03-03T14:20:00,11264.3999,2020-03-03T14:30:00,11298.3999,aligned,bearish,LH_LL,-0.4,-13.6,trend_aligned,sell,short_bias,stopped,11298.3999,NIFTY,11196.3999,5m
5,2020-03-03T15:05:00,11276.1,2020-03-04T09:15:00,11342.2,aligned,bearish,LH_LL,-0.4,-26.44,trend_aligned,sell,short_bias,stopped,11342.2,NIFTY,11143.9,5m
21,2020-03-04T12:15:00,11255.1,2020-03-04T14:00:00,11140.6,aligned,bearish,LH_LL,1.747,61.68,trend_aligned,sell,short_bias,trailed,11290.3999,NIFTY,11184.5002,5m
9,2020-03-04T14:25:00,11155.1,2020-03-04T15:10:00,11266.7,aligned,bearish,LH_LL,-0.4,-44.64,trend_aligned,sell,short_bias,stopped,11266.7,NIFTY,10931.9,5m
3,2020-03-06T13:40:00,10978.5,2020-03-06T13:55:00,11001.8999,aligned,bearish,LH_LL,-0.4,-9.36,trend_aligned,sell,short_bias,stopped,11001.8999,NIFTY,10931.7002,5m
26,2020-03-06T14:20:00,10975.2,2020-03-09T10:15:00,10588.5,aligned,bearish,LH_LL,3.032,181.63,trend_aligned,sell,short_bias,trailed,11035.1,NIFTY,10855.400000000001,5m
13,2020-03-11T13:10:00,10512.6,2020-03-11T14:15:00,10487.1,aligned,bearish,LH_LL,0.764,24.83,trend_aligned,sell,short_bias,trailed,10545.1,NIFTY,10447.6,5m
37,2020-03-11T14:40:00,10517.8999,2020-03-12T11:30:00,9753.9,aligned,bearish,LH_LL,11.685,317.84,trend_aligned,sell,short_bias,trailed,10545.1,NIFTY,10463.4997,5m
3,2020-03-13T12:40:00,9776.2,2020-03-13T12:55:00,9900.35,aligned,bearish,LH_LL,-0.4,-49.66,trend_aligned,sell,short_bias,stopped,9900.35,NIFTY,9527.900000000001,5m
26,2020-03-17T12:25:00,9286.55,2020-03-17T14:35:00,9233.15,aligned,bearish,LH_LL,0.655,68.23,trend_aligned,sell,short_bias,trailed,9390.7,NIFTY,9078.249999999996,5m
2,2020-03-20T11:50:00,8449.9,2020-03-20T12:00:00,8501.8,aligned,bearish,LH_LL,-0.4,-20.76,trend_aligned,sell,short_bias,stopped,8501.8,NIFTY,8346.1,5m
2,2020-03-24T13:45:00,7912.45,2020-03-24T13:55:00,7912.45,aligned,bearish,LH_LL,0.45,28.87,trend_aligned,sell,short_bias,trailed,7976.6,NIFTY,7784.149999999999,5m
2,2020-03-24T14:20:00,7931.15,2020-03-24T14:30:00,7976.6,aligned,bearish,LH_LL,-0.4,-18.18,trend_aligned,sell,short_bias,stopped,7976.6,NIFTY,7840.249999999998,5m
2,2020-03-24T15:25:00,7852.9,2020-03-25T09:20:00,7852.9,aligned,bearish,LH_LL,0.45,64.22,trend_aligned,sell,short_bias,trailed,7995.6,NIFTY,7567.499999999998,5m
2,2020-04-03T13:10:00,8147.65,2020-04-03T13:20:00,8147.65,aligned,bearish,LH_LL,0.45,6.52,trend_aligned,sell,short_bias,trailed,8162.15,NIFTY,8118.65,5m
12,2020-04-03T13:45:00,8184.65,2020-04-03T14:45:00,8099.0,aligned,bearish,LH_LL,1.342,51.54,trend_aligned,sell,short_bias,trailed,8223.05,NIFTY,8107.85,5m
4,2020-05-12T12:30:00,9092.0,2020-05-12T12:50:00,9084.3,aligned,bearish,LH_LL,0.575,14.22,trend_aligned,sell,short_bias,trailed,9116.75,NIFTY,9042.5,5m
127,2020-05-13T09:45:00,9361.15,2020-05-14T14:05:00,9161.65,aligned,bullish,HH_HL,-0.4,-79.8,trend_aligned,buy,long_bias,stopped,9161.65,NIFTY,9760.15,5m
14,2020-05-29T09:20:00,9437.15,2020-05-29T10:30:00,9469.3,aligned,bullish,HH_HL,0.663,40.0,trend_aligned,buy,long_bias,trailed,9376.85,NIFTY,9557.749999999998,5m
4,2020-05-29T11:45:00,9476.5,2020-05-29T12:05:00,9452.95,aligned,bullish,HH_HL,-0.4,-9.42,trend_aligned,buy,long_bias,stopped,9452.95,NIFTY,9523.599999999999,5m
8,2020-05-29T12:30:00,9469.45,2020-05-29T13:10:00,9475.3,aligned,bullish,HH_HL,0.584,10.17,trend_aligned,buy,long_bias,trailed,9452.05,NIFTY,9504.250000000004,5m
12,2020-05-29T14:25:00,9518.45,2020-05-29T15:25:00,9569.25,aligned,bullish,HH_HL,0.856,42.87,trend_aligned,buy,long_bias,trailed,9468.35,NIFTY,9618.650000000001,5m
13,2020-06-02T10:20:00,9848.6,2020-06-02T11:25:00,9880.15,aligned,bullish,HH_HL,0.719,33.75,trend_aligned,buy,long_bias,trailed,9801.65,NIFTY,9942.500000000002,5m
16,2020-06-03T13:20:00,10111.7,2020-06-03T14:40:00,10139.8999,aligned,bullish,HH_HL,1.285,17.35,trend_aligned,buy,long_bias,trailed,10098.2,NIFTY,10138.7,5m
4,2020-06-03T15:25:00,10068.7999,2020-06-04T09:30:00,10068.7999,aligned,bullish,HH_HL,0.45,14.98,trend_aligned,buy,long_bias,trailed,10035.5,NIFTY,10135.3997,5m
17,2020-06-04T09:55:00,10062.2999,2020-06-04T11:20:00,10022.2999,aligned,bullish,HH_HL,-0.4,-16.0,trend_aligned,buy,long_bias,stopped,10022.2999,NIFTY,10142.2999,5m
42,2020-06-05T10:15:00,10074.6,2020-06-05T13:45:00,10127.1,aligned,bullish,HH_HL,0.676,62.83,trend_aligned,buy,long_bias,trailed,9981.65,NIFTY,10260.500000000002,5m
16,2020-06-05T14:20:00,10146.6,2020-06-08T09:25:00,10288.5,aligned,bullish,HH_HL,1.74,76.56,trend_aligned,buy,long_bias,trailed,10102.6,NIFTY,10234.6,5m
7,2020-06-08T10:55:00,10282.0,2020-06-08T11:30:00,10288.5,aligned,bullish,HH_HL,0.594,10.75,trend_aligned,buy,long_bias,trailed,10263.8999,NIFTY,10318.2002,5m
5,2020-06-08T12:00:00,10285.2999,2020-06-08T12:25:00,10285.2999,aligned,bullish,HH_HL,0.45,4.77,trend_aligned,buy,long_bias,trailed,10274.7,NIFTY,10306.499699999998,5m
4,2020-06-08T13:00:00,10209.7999,2020-06-08T13:20:00,10183.1,aligned,bullish,HH_HL,-0.4,-10.68,trend_aligned,buy,long_bias,stopped,10183.1,NIFTY,10263.1997,5m
6,2020-06-08T13:45:00,10209.1,2020-06-08T14:15:00,10149.1,aligned,bullish,HH_HL,-0.4,-24.0,trend_aligned,buy,long_bias,stopped,10149.1,NIFTY,10329.1,5m
11,2020-06-08T14:40:00,10171.7,2020-06-09T09:20:00,10171.7,aligned,bullish,HH_HL,0.45,23.18,trend_aligned,buy,long_bias,trailed,10120.2,NIFTY,10274.7,5m
9,2020-06-09T09:45:00,10183.7,2020-06-09T10:30:00,10239.6,aligned,bullish,HH_HL,0.909,44.28,trend_aligned,buy,long_bias,trailed,10135.0,NIFTY,10281.100000000002,5m
7,2020-06-09T12:10:00,10266.6,2020-06-09T12:45:00,10228.0,aligned,bullish,HH_HL,-0.4,-15.44,trend_aligned,buy,long_bias,stopped,10228.0,NIFTY,10343.800000000001,5m
4,2020-06-16T11:15:00,9999.4,2020-06-16T11:35:00,9966.3,aligned,bullish,HH_HL,-0.4,-13.24,trend_aligned,buy,long_bias,stopped,9966.3,NIFTY,10065.6,5m
33,2020-06-19T09:45:00,10104.2,2020-06-19T12:30:00,10181.1,aligned,bullish,HH_HL,1.075,52.9,trend_aligned,buy,long_bias,trailed,10055.0,NIFTY,10202.600000000002,5m
1,2020-06-19T13:00:00,10168.5,2020-06-19T13:05:00,10145.2999,aligned,bullish,HH_HL,-0.4,-9.28,trend_aligned,buy,long_bias,stopped,10145.2999,NIFTY,10214.9002,5m
12,2020-06-19T14:05:00,10160.6,2020-06-19T15:05:00,10232.5,aligned,bullish,HH_HL,1.596,40.06,trend_aligned,buy,long_bias,trailed,10135.5,NIFTY,10210.800000000001,5m
23,2020-06-22T11:50:00,10299.3999,2020-06-22T13:45:00,10343.2999,aligned,bullish,HH_HL,1.256,27.37,trend_aligned,buy,long_bias,trailed,10277.6,NIFTY,10342.9997,5m
10,2020-06-22T15:05:00,10306.2,2020-06-23T09:40:00,10352.3999,aligned,bullish,HH_HL,1.107,31.12,trend_aligned,buy,long_bias,trailed,10278.1,NIFTY,10362.400000000001,5m
16,2020-06-23T12:20:00,10383.1,2020-06-23T13:40:00,10408.8999,aligned,bullish,HH_HL,0.781,24.36,trend_aligned,buy,long_bias,trailed,10351.8999,NIFTY,10445.5002,5m
4,2020-06-23T14:10:00,10410.3999,2020-06-23T14:30:00,10420.7999,aligned,bullish,HH_HL,0.595,17.03,trend_aligned,buy,long_bias,trailed,10381.7999,NIFTY,10467.599900000001,5m
3,2020-06-24T10:40:00,10513.6,2020-06-24T10:55:00,10468.5,aligned,bullish,HH_HL,-0.4,-18.04,trend_aligned,buy,long_bias,stopped,10468.5,NIFTY,10603.800000000001,5m
3,2020-06-24T11:20:00,10480.6,2020-06-24T11:35:00,10451.1,aligned,bullish,HH_HL,-0.4,-11.8,trend_aligned,buy,long_bias,stopped,10451.1,NIFTY,10539.6,5m
11,2020-06-24T12:05:00,10478.3999,2020-06-24T13:00:00,10513.6,aligned,bullish,HH_HL,0.817,31.31,trend_aligned,buy,long_bias,trailed,10440.1,NIFTY,10554.9997,5m
48,2020-06-30T10:25:00,10355.7,2020-06-30T14:25:00,10290.2,aligned,bullish,HH_HL,-0.4,-26.2,trend_aligned,buy,long_bias,stopped,10290.2,NIFTY,10486.7,5m
22,2020-07-01T11:20:00,10342.0,2020-07-01T13:10:00,10411.1,aligned,bullish,HH_HL,1.611,38.35,trend_aligned,buy,long_bias,trailed,10318.2,NIFTY,10389.599999999999,5m
9,2020-07-01T13:45:00,10409.2,2020-07-01T14:30:00,10418.7999,aligned,bullish,HH_HL,0.568,18.51,trend_aligned,buy,long_bias,trailed,10376.6,NIFTY,10474.400000000001,5m
12,2020-07-01T15:15:00,10420.1,2020-07-02T10:00:00,10518.1,aligned,bullish,HH_HL,2.147,49.6,trend_aligned,buy,long_bias,trailed,10397.0,NIFTY,10466.300000000001,5m
3,2020-07-02T10:55:00,10520.8999,2020-07-02T11:10:00,10501.1,aligned,bullish,HH_HL,-0.4,-7.92,trend_aligned,buy,long_bias,stopped,10501.1,NIFTY,10560.4997,5m
9,2020-07-02T14:30:00,10573.0,2020-07-02T15:15:00,10541.7,aligned,bullish,HH_HL,-0.4,-12.52,trend_aligned,buy,long_bias,stopped,10541.7,NIFTY,10635.599999999999,5m
89,2020-07-03T09:30:00,10591.7999,2020-07-06T10:40:00,10728.7999,aligned,bullish,HH_HL,1.476,78.83,trend_aligned,buy,long_bias,trailed,10538.3999,NIFTY,10698.5999,5m
10,2020-07-06T13:45:00,10780.5,2020-07-06T14:35:00,10760.0,aligned,bullish,HH_HL,-0.4,-8.2,trend_aligned,buy,long_bias,stopped,10760.0,NIFTY,10821.5,5m
5,2020-07-06T15:00:00,10763.1,2020-07-06T15:25:00,10763.1,aligned,bullish,HH_HL,0.45,6.62,trend_aligned,buy,long_bias,trailed,10748.3999,NIFTY,10792.5002,5m
9,2020-07-07T09:35:00,10772.1,2020-07-07T10:20:00,10774.2999,aligned,bullish,HH_HL,0.487,11.55,trend_aligned,buy,long_bias,trailed,10748.3999,NIFTY,10819.5002,5m
3,2020-07-07T10:45:00,10762.7,2020-07-07T11:00:00,10744.7,aligned,bullish,HH_HL,-0.4,-7.2,trend_aligned,buy,long_bias,stopped,10744.7,NIFTY,10798.7,5m
11,2020-07-07T11:50:00,10717.2999,2020-07-07T12:45:00,10743.0,aligned,bullish,HH_HL,0.821,22.74,trend_aligned,buy,long_bias,trailed,10689.6,NIFTY,10772.6997,5m
8,2020-07-07T14:00:00,10757.7,2020-07-07T14:40:00,10768.6,aligned,bullish,HH_HL,0.714,11.78,trend_aligned,buy,long_bias,trailed,10741.2,NIFTY,10790.7,5m
7,2020-07-07T15:20:00,10784.1,2020-07-08T09:40:00,10819.3999,aligned,bullish,HH_HL,0.779,33.42,trend_aligned,buy,long_bias,trailed,10741.2,NIFTY,10869.9,5m
7,2020-07-08T10:05:00,10796.0,2020-07-08T10:40:00,10809.2,aligned,bullish,HH_HL,0.656,16.8,trend_aligned,buy,long_bias,trailed,10770.3999,NIFTY,10847.2002,5m
3,2020-07-08T11:15:00,10813.8999,2020-07-08T11:30:00,10784.6,aligned,bullish,HH_HL,-0.4,-11.72,trend_aligned,buy,long_bias,stopped,10784.6,NIFTY,10872.4997,5m
14,2020-07-08T11:55:00,10782.6,2020-07-08T13:05:00,10795.7999,aligned,bullish,HH_HL,0.778,12.52,trend_aligned,buy,long_bias,trailed,10766.5,NIFTY,10814.800000000001,5m
12,2020-07-08T13:30:00,10799.6,2020-07-08T14:30:00,10808.2,aligned,bullish,HH_HL,0.561,17.39,trend_aligned,buy,long_bias,trailed,10768.6,NIFTY,10861.6,5m
10,2020-07-09T12:00:00,10774.8999,2020-07-09T12:50:00,10784.3999,aligned,bullish,HH_HL,0.62,13.88,trend_aligned,buy,long_bias,trailed,10752.5,NIFTY,10819.699700000001,5m
6,2020-07-09T13:20:00,10779.2999,2020-07-09T13:50:00,10790.1,aligned,bullish,HH_HL,0.625,15.43,trend_aligned,buy,long_bias,trailed,10754.6,NIFTY,10828.6997,5m
6,2020-07-09T15:00:00,10796.2,2020-07-10T09:15:00,10799.8999,aligned,bullish,HH_HL,0.521,10.84,trend_aligned,buy,long_bias,trailed,10775.3999,NIFTY,10837.800200000001,5m
13,2020-07-10T09:40:00,10797.2999,2020-07-10T10:45:00,10757.7999,aligned,bullish,HH_HL,-0.4,-15.8,trend_aligned,buy,long_bias,stopped,10757.7999,NIFTY,10876.2999,5m
6,2020-07-13T11:15:00,10839.6,2020-07-13T11:45:00,10819.3999,aligned,bullish,HH_HL,-0.4,-8.08,trend_aligned,buy,long_bias,stopped,10819.3999,NIFTY,10880.0002,5m
3,2020-07-13T12:30:00,10825.7,2020-07-13T12:45:00,10803.1,aligned,bullish,HH_HL,-0.4,-9.04,trend_aligned,buy,long_bias,stopped,10803.1,NIFTY,10870.900000000001,5m
4,2020-07-13T13:10:00,10811.2,2020-07-13T13:30:00,10784.2,aligned,bullish,HH_HL,-0.4,-10.8,trend_aligned,buy,long_bias,stopped,10784.2,NIFTY,10865.2,5m
4,2020-07-15T11:55:00,10803.5,2020-07-15T12:15:00,10770.2999,aligned,bullish,HH_HL,-0.4,-13.28,trend_aligned,buy,long_bias,stopped,10770.2999,NIFTY,10869.9002,5m
12,2020-07-15T12:45:00,10778.6,2020-07-15T13:45:00,10790.2999,aligned,bullish,HH_HL,0.711,12.73,trend_aligned,buy,long_bias,trailed,10760.7,NIFTY,10814.4,5m
6,2020-07-17T11:05:00,10803.0,2020-07-17T11:35:00,10812.5,aligned,bullish,HH_HL,0.621,13.79,trend_aligned,buy,long_bias,trailed,10780.7999,NIFTY,10847.4002,5m
30,2020-07-17T12:00:00,10813.1,2020-07-17T14:30:00,10820.8999,aligned,bullish,HH_HL,0.547,17.66,trend_aligned,buy,long_bias,trailed,10780.7999,NIFTY,10877.700200000001,5m
45,2020-07-20T10:45:00,10975.7999,2020-07-20T14:30:00,10995.3999,aligned,bullish,HH_HL,0.6,31.28,trend_aligned,buy,long_bias,trailed,10923.7,NIFTY,11079.999699999998,5m
19,2020-07-21T13:15:00,11152.7999,2020-07-21T14:50:00,11157.7,aligned,bullish,HH_HL,0.558,10.1,trend_aligned,buy,long_bias,trailed,11134.7,NIFTY,11188.999699999998,5m
3,2020-07-21T15:15:00,11158.8999,2020-07-22T09:15:00,11135.0,aligned,bullish,HH_HL,-0.4,-9.56,trend_aligned,buy,long_bias,stopped,11135.0,NIFTY,11206.699700000001,5m
15,2020-07-22T09:45:00,11141.2,2020-07-22T11:00:00,11157.1,aligned,bullish,HH_HL,0.614,23.87,trend_aligned,buy,long_bias,trailed,11102.2999,NIFTY,11219.000200000002,5m
6,2020-07-22T11:50:00,11162.8999,2020-07-22T12:20:00,11174.6,aligned,bullish,HH_HL,0.597,18.94,trend_aligned,buy,long_bias,trailed,11131.2,NIFTY,11226.2997,5m
4,2020-07-22T12:45:00,11171.2999,2020-07-22T13:05:00,11176.6,aligned,bullish,HH_HL,0.551,11.57,trend_aligned,buy,long_bias,trailed,11150.2999,NIFTY,11213.2999,5m
5,2020-07-22T13:35:00,11113.0,2020-07-22T14:00:00,11115.3999,aligned,bullish,HH_HL,0.487,12.66,trend_aligned,buy,long_bias,trailed,11087.0,NIFTY,11165.0,5m
22,2020-07-23T12:40:00,11206.2,2020-07-23T14:30:00,11178.2999,aligned,bullish,HH_HL,-0.4,-11.16,trend_aligned,buy,long_bias,stopped,11178.2999,NIFTY,11262.000200000002,5m
7,2020-07-23T14:55:00,11200.7,2020-07-24T09:15:00,11211.5,aligned,bullish,HH_HL,0.618,15.89,trend_aligned,buy,long_bias,trailed,11175.0,NIFTY,11252.100000000002,5m
12,2020-07-24T14:35:00,11164.8999,2020-07-27T09:20:00,11180.0,aligned,bullish,HH_HL,0.558,31.29,trend_aligned,buy,long_bias,trailed,11108.7999,NIFTY,11277.099900000001,5m
15,2020-07-27T13:55:00,11156.7,2020-07-27T15:10:00,11123.6,aligned,bullish,HH_HL,-0.4,-13.24,trend_aligned,buy,long_bias,stopped,11123.6,NIFTY,11222.900000000001,5m
18,2020-07-28T13:50:00,11235.5,2020-07-28T15:20:00,11291.0,aligned,bullish,HH_HL,2.381,27.38,trend_aligned,buy,long_bias,trailed,11224.0,NIFTY,11258.5,5m
4,2020-07-29T09:40:00,11277.3999,2020-07-29T10:00:00,11277.3999,aligned,bullish,HH_HL,0.45,7.88,trend_aligned,buy,long_bias,trailed,11259.8999,NIFTY,11312.3999,5m
14,2020-07-29T10:50:00,11273.2,2020-07-29T12:00:00,11291.0,aligned,bullish,HH_HL,0.701,19.9,trend_aligned,buy,long_bias,trailed,11244.7999,NIFTY,11330.000200000002,5m
13,2020-07-29T12:25:00,11284.7,2020-07-29T13:30:00,11254.5,aligned,bullish,HH_HL,-0.4,-12.08,trend_aligned,buy,long_bias,stopped,11254.5,NIFTY,11345.100000000002,5m
2,2020-07-29T13:55:00,11255.7,2020-07-29T14:05:00,11255.7,aligned,bullish,HH_HL,0.45,5.04,trend_aligned,buy,long_bias,trailed,11244.5,NIFTY,11278.100000000002,5m
6,2020-07-30T11:25:00,11283.2,2020-07-30T11:55:00,11265.3999,aligned,bullish,HH_HL,-0.4,-7.12,trend_aligned,buy,long_bias,stopped,11265.3999,NIFTY,11318.800200000001,5m
3,2020-07-30T12:20:00,11274.2999,2020-07-30T12:35:00,11260.6,aligned,bullish,HH_HL,-0.4,-5.48,trend_aligned,buy,long_bias,stopped,11260.6,NIFTY,11301.6997,5m
8,2020-08-05T10:50:00,11181.0,2020-08-05T11:30:00,11144.5,aligned,bullish,HH_HL,-0.4,-14.6,trend_aligned,buy,long_bias,stopped,11144.5,NIFTY,11254.0,5m
32,2020-08-05T13:00:00,11139.2,2020-08-06T09:25:00,11139.2,aligned,bullish,HH_HL,0.45,33.84,trend_aligned,buy,long_bias,trailed,11064.0,NIFTY,11289.600000000002,5m
6,2020-08-06T13:50:00,11212.2,2020-08-06T14:20:00,11159.5,aligned,bullish,HH_HL,-0.4,-21.08,trend_aligned,buy,long_bias,stopped,11159.5,NIFTY,11317.600000000002,5m
69,2020-08-07T09:15:00,11178.2999,2020-08-07T15:00:00,11213.1,aligned,bullish,HH_HL,0.735,35.93,trend_aligned,buy,long_bias,trailed,11129.3999,NIFTY,11276.0999,5m
4,2020-08-10T12:10:00,11314.3999,2020-08-10T12:30:00,11303.5,aligned,bullish,HH_HL,-0.4,-4.36,trend_aligned,buy,long_bias,stopped,11303.5,NIFTY,11336.199700000001,5m
11,2020-08-10T12:55:00,11317.0,2020-08-10T13:50:00,11291.2999,aligned,bullish,HH_HL,-0.4,-10.28,trend_aligned,buy,long_bias,stopped,11291.2999,NIFTY,11368.4002,5m
9,2020-08-10T14:15:00,11264.2,2020-08-10T15:00:00,11268.3999,aligned,bullish,HH_HL,0.514,13.47,trend_aligned,buy,long_bias,trailed,11238.0,NIFTY,11316.600000000002,5m
6,2020-08-10T15:25:00,11276.1,2020-08-11T09:40:00,11352.7999,aligned,bullish,HH_HL,1.255,47.82,trend_aligned,buy,long_bias,trailed,11238.0,NIFTY,11352.300000000001,5m
5,2020-08-11T10:50:00,11351.2999,2020-08-11T11:15:00,11320.0,aligned,bullish,HH_HL,-0.4,-12.52,trend_aligned,buy,long_bias,stopped,11320.0,NIFTY,11413.8997,5m
4,2020-08-11T11:40:00,11334.2999,2020-08-11T12:00:00,11310.0,aligned,bullish,HH_HL,-0.4,-9.72,trend_aligned,buy,long_bias,stopped,11310.0,NIFTY,11382.8997,5m
